Transect,Measurement_Point,name,value
1,130,F2021_to_S2022,0
1,130,F2021_to_F2024,0
1,130,F2021_to_S2025,NA
1,130,S2022_to_F2024,0
1,130,S2022_to_S2025,NA
1,140,F2021_to_S2022,1.5
1,140,F2021_to_F2024,0
1,140,F2021_to_S2025,NA
1,140,S2022_to_F2024,-1.5
1,140,S2022_to_S2025,NA
1,150,F2021_to_S2022,0.5
1,150,F2021_to_F2024,-1.5
1,150,F2021_to_S2025,NA
1,150,S2022_to_F2024,-2
1,150,S2022_to_S2025,NA
1,160,F2021_to_S2022,1
1,160,F2021_to_F2024,-2
1,160,F2021_to_S2025,NA
1,160,S2022_to_F2024,-3
1,160,S2022_to_S2025,NA
1,170,F2021_to_S2022,2
1,170,F2021_to_F2024,-2
1,170,F2021_to_S2025,NA
1,170,S2022_to_F2024,-4
1,170,S2022_to_S2025,NA
1,180,F2021_to_S2022,1
1,180,F2021_to_F2024,-3
1,180,F2021_to_S2025,NA
1,180,S2022_to_F2024,-4
1,180,S2022_to_S2025,NA
1,190,F2021_to_S2022,1
1,190,F2021_to_F2024,-4.5
1,190,F2021_to_S2025,NA
1,190,S2022_to_F2024,-5.5
1,190,S2022_to_S2025,NA
1,200,F2021_to_S2022,2
1,200,F2021_to_F2024,-5
1,200,F2021_to_S2025,NA
1,200,S2022_to_F2024,-7
1,200,S2022_to_S2025,NA
2,140,F2021_to_S2022,0
2,140,F2021_to_F2024,0
2,140,F2021_to_S2025,NA
2,140,S2022_to_F2024,0
2,140,S2022_to_S2025,NA
2,150,F2021_to_S2022,0
2,150,F2021_to_F2024,-0.5
2,150,F2021_to_S2025,NA
2,150,S2022_to_F2024,-0.5
2,150,S2022_to_S2025,NA
2,160,F2021_to_S2022,0.5
2,160,F2021_to_F2024,-1
2,160,F2021_to_S2025,NA
2,160,S2022_to_F2024,-1.5
2,160,S2022_to_S2025,NA
2,170,F2021_to_S2022,2
2,170,F2021_to_F2024,-1
2,170,F2021_to_S2025,NA
2,170,S2022_to_F2024,-3
2,170,S2022_to_S2025,NA
2,180,F2021_to_S2022,1
2,180,F2021_to_F2024,-2
2,180,F2021_to_S2025,NA
2,180,S2022_to_F2024,-3
2,180,S2022_to_S2025,NA
2,190,F2021_to_S2022,0.5
2,190,F2021_to_F2024,-2
2,190,F2021_to_S2025,NA
2,190,S2022_to_F2024,-2.5
2,190,S2022_to_S2025,NA
2,200,F2021_to_S2022,1
2,200,F2021_to_F2024,-2.5
2,200,F2021_to_S2025,NA
2,200,S2022_to_F2024,-3.5
2,200,S2022_to_S2025,NA
2,210,F2021_to_S2022,2
2,210,F2021_to_F2024,-2.5
2,210,F2021_to_S2025,NA
2,210,S2022_to_F2024,-4.5
2,210,S2022_to_S2025,NA
3,170,F2021_to_S2022,0
3,170,F2021_to_F2024,0
3,170,F2021_to_S2025,NA
3,170,S2022_to_F2024,0
3,170,S2022_to_S2025,NA
3,180,F2021_to_S2022,9.5
3,180,F2021_to_F2024,1.5
3,180,F2021_to_S2025,NA
3,180,S2022_to_F2024,-8
3,180,S2022_to_S2025,NA
3,190,F2021_to_S2022,10.5
3,190,F2021_to_F2024,3
3,190,F2021_to_S2025,NA
3,190,S2022_to_F2024,-7.5
3,190,S2022_to_S2025,NA
3,200,F2021_to_S2022,9.25
3,200,F2021_to_F2024,1.25
3,200,F2021_to_S2025,NA
3,200,S2022_to_F2024,-8
3,200,S2022_to_S2025,NA
3,210,F2021_to_S2022,7.25
3,210,F2021_to_F2024,-0.25
3,210,F2021_to_S2025,NA
3,210,S2022_to_F2024,-7.5
3,210,S2022_to_S2025,NA
3,220,F2021_to_S2022,2.5
3,220,F2021_to_F2024,-5.5
3,220,F2021_to_S2025,NA
3,220,S2022_to_F2024,-8
3,220,S2022_to_S2025,NA
3,230,F2021_to_S2022,-1.25
3,230,F2021_to_F2024,-8.25
3,230,F2021_to_S2025,NA
3,230,S2022_to_F2024,-7
3,230,S2022_to_S2025,NA
4,140,F2021_to_S2022,0
4,140,F2021_to_F2024,0
4,140,F2021_to_S2025,NA
4,140,S2022_to_F2024,0
4,140,S2022_to_S2025,NA
4,150,F2021_to_S2022,-0.5
4,150,F2021_to_F2024,0
4,150,F2021_to_S2025,NA
4,150,S2022_to_F2024,0.5
4,150,S2022_to_S2025,NA
4,160,F2021_to_S2022,-1
4,160,F2021_to_F2024,0
4,160,F2021_to_S2025,NA
4,160,S2022_to_F2024,1
4,160,S2022_to_S2025,NA
4,170,F2021_to_S2022,-0.5
4,170,F2021_to_F2024,1
4,170,F2021_to_S2025,NA
4,170,S2022_to_F2024,1.5
4,170,S2022_to_S2025,NA
4,180,F2021_to_S2022,-0.5
4,180,F2021_to_F2024,1
4,180,F2021_to_S2025,NA
4,180,S2022_to_F2024,1.5
4,180,S2022_to_S2025,NA
4,190,F2021_to_S2022,-0.5
4,190,F2021_to_F2024,1
4,190,F2021_to_S2025,NA
4,190,S2022_to_F2024,1.5
4,190,S2022_to_S2025,NA
4,200,F2021_to_S2022,0
4,200,F2021_to_F2024,1
4,200,F2021_to_S2025,NA
4,200,S2022_to_F2024,1
4,200,S2022_to_S2025,NA
4,210,F2021_to_S2022,1.5
4,210,F2021_to_F2024,1
4,210,F2021_to_S2025,NA
4,210,S2022_to_F2024,-0.5
4,210,S2022_to_S2025,NA
5,160,F2021_to_S2022,0
5,160,F2021_to_F2024,0
5,160,F2021_to_S2025,NA
5,160,S2022_to_F2024,0
5,160,S2022_to_S2025,NA
5,170,F2021_to_S2022,0
5,170,F2021_to_F2024,NA
5,170,F2021_to_S2025,NA
5,170,S2022_to_F2024,NA
5,170,S2022_to_S2025,NA
5,180,F2021_to_S2022,0.5
5,180,F2021_to_F2024,1
5,180,F2021_to_S2025,NA
5,180,S2022_to_F2024,0.5
5,180,S2022_to_S2025,NA
5,190,F2021_to_S2022,-1
5,190,F2021_to_F2024,-0.5
5,190,F2021_to_S2025,NA
5,190,S2022_to_F2024,0.5
5,190,S2022_to_S2025,NA
5,200,F2021_to_S2022,0
5,200,F2021_to_F2024,1
5,200,F2021_to_S2025,NA
5,200,S2022_to_F2024,1
5,200,S2022_to_S2025,NA
5,210,F2021_to_S2022,-0.5
5,210,F2021_to_F2024,0
5,210,F2021_to_S2025,NA
5,210,S2022_to_F2024,0.5
5,210,S2022_to_S2025,NA
5,220,F2021_to_S2022,1
5,220,F2021_to_F2024,1.5
5,220,F2021_to_S2025,NA
5,220,S2022_to_F2024,0.5
5,220,S2022_to_S2025,NA
5,230,F2021_to_S2022,0.5
5,230,F2021_to_F2024,1.5
5,230,F2021_to_S2025,NA
5,230,S2022_to_F2024,1
5,230,S2022_to_S2025,NA
5,240,F2021_to_S2022,0.5
5,240,F2021_to_F2024,1.5
5,240,F2021_to_S2025,NA
5,240,S2022_to_F2024,1
5,240,S2022_to_S2025,NA
5,250,F2021_to_S2022,0
5,250,F2021_to_F2024,0.5
5,250,F2021_to_S2025,NA
5,250,S2022_to_F2024,0.5
5,250,S2022_to_S2025,NA
6,170,F2021_to_S2022,0
6,170,F2021_to_F2024,0
6,170,F2021_to_S2025,NA
6,170,S2022_to_F2024,0
6,170,S2022_to_S2025,NA
6,180,F2021_to_S2022,-1
6,180,F2021_to_F2024,-2
6,180,F2021_to_S2025,NA
6,180,S2022_to_F2024,-1
6,180,S2022_to_S2025,NA
6,190,F2021_to_S2022,-1
6,190,F2021_to_F2024,-2
6,190,F2021_to_S2025,NA
6,190,S2022_to_F2024,-1
6,190,S2022_to_S2025,NA
6,200,F2021_to_S2022,-0.5
6,200,F2021_to_F2024,-1
6,200,F2021_to_S2025,NA
6,200,S2022_to_F2024,-0.5
6,200,S2022_to_S2025,NA
6,210,F2021_to_S2022,-0.5
6,210,F2021_to_F2024,-2
6,210,F2021_to_S2025,NA
6,210,S2022_to_F2024,-1.5
6,210,S2022_to_S2025,NA
6,220,F2021_to_S2022,0.5
6,220,F2021_to_F2024,-1
6,220,F2021_to_S2025,NA
6,220,S2022_to_F2024,-1.5
6,220,S2022_to_S2025,NA
6,230,F2021_to_S2022,0.5
6,230,F2021_to_F2024,-1.5
6,230,F2021_to_S2025,NA
6,230,S2022_to_F2024,-2
6,230,S2022_to_S2025,NA
6,240,F2021_to_S2022,-0.5
6,240,F2021_to_F2024,-2
6,240,F2021_to_S2025,NA
6,240,S2022_to_F2024,-1.5
6,240,S2022_to_S2025,NA
6,250,F2021_to_S2022,-1
6,250,F2021_to_F2024,-1.5
6,250,F2021_to_S2025,NA
6,250,S2022_to_F2024,-0.5
6,250,S2022_to_S2025,NA
6,260,F2021_to_S2022,-1
6,260,F2021_to_F2024,-1.5
6,260,F2021_to_S2025,NA
6,260,S2022_to_F2024,-0.5
6,260,S2022_to_S2025,NA
6,270,F2021_to_S2022,-1
6,270,F2021_to_F2024,-2.5
6,270,F2021_to_S2025,NA
6,270,S2022_to_F2024,-1.5
6,270,S2022_to_S2025,NA
7,160,F2021_to_S2022,0
7,160,F2021_to_F2024,0
7,160,F2021_to_S2025,NA
7,160,S2022_to_F2024,0
7,160,S2022_to_S2025,NA
7,170,F2021_to_S2022,-1
7,170,F2021_to_F2024,0
7,170,F2021_to_S2025,NA
7,170,S2022_to_F2024,1
7,170,S2022_to_S2025,NA
7,180,F2021_to_S2022,-2
7,180,F2021_to_F2024,-1
7,180,F2021_to_S2025,NA
7,180,S2022_to_F2024,1
7,180,S2022_to_S2025,NA
7,190,F2021_to_S2022,-1
7,190,F2021_to_F2024,0
7,190,F2021_to_S2025,NA
7,190,S2022_to_F2024,1
7,190,S2022_to_S2025,NA
7,200,F2021_to_S2022,0
7,200,F2021_to_F2024,0.5
7,200,F2021_to_S2025,NA
7,200,S2022_to_F2024,0.5
7,200,S2022_to_S2025,NA
7,210,F2021_to_S2022,0.5
7,210,F2021_to_F2024,2
7,210,F2021_to_S2025,NA
7,210,S2022_to_F2024,1.5
7,210,S2022_to_S2025,NA
7,220,F2021_to_S2022,-0.5
7,220,F2021_to_F2024,0
7,220,F2021_to_S2025,NA
7,220,S2022_to_F2024,0.5
7,220,S2022_to_S2025,NA
7,230,F2021_to_S2022,0
7,230,F2021_to_F2024,-0.5
7,230,F2021_to_S2025,NA
7,230,S2022_to_F2024,-0.5
7,230,S2022_to_S2025,NA
8,180,F2021_to_S2022,0
8,180,F2021_to_F2024,0
8,180,F2021_to_S2025,NA
8,180,S2022_to_F2024,0
8,180,S2022_to_S2025,NA
8,190,F2021_to_S2022,0
8,190,F2021_to_F2024,0
8,190,F2021_to_S2025,NA
8,190,S2022_to_F2024,0
8,190,S2022_to_S2025,NA
8,200,F2021_to_S2022,-0.5
8,200,F2021_to_F2024,-2.5
8,200,F2021_to_S2025,NA
8,200,S2022_to_F2024,-2
8,200,S2022_to_S2025,NA
8,210,F2021_to_S2022,-0.5
8,210,F2021_to_F2024,-3
8,210,F2021_to_S2025,NA
8,210,S2022_to_F2024,-2.5
8,210,S2022_to_S2025,NA
8,220,F2021_to_S2022,-1.5
8,220,F2021_to_F2024,-1.5
8,220,F2021_to_S2025,NA
8,220,S2022_to_F2024,0
8,220,S2022_to_S2025,NA
8,230,F2021_to_S2022,-0.5
8,230,F2021_to_F2024,-2
8,230,F2021_to_S2025,NA
8,230,S2022_to_F2024,-1.5
8,230,S2022_to_S2025,NA
8,240,F2021_to_S2022,-0.5
8,240,F2021_to_F2024,-1.5
8,240,F2021_to_S2025,NA
8,240,S2022_to_F2024,-1
8,240,S2022_to_S2025,NA
8,250,F2021_to_S2022,-2.5
8,250,F2021_to_F2024,-2.5
8,250,F2021_to_S2025,NA
8,250,S2022_to_F2024,0
8,250,S2022_to_S2025,NA
8,260,F2021_to_S2022,-2
8,260,F2021_to_F2024,1.5
8,260,F2021_to_S2025,NA
8,260,S2022_to_F2024,3.5
8,260,S2022_to_S2025,NA
9,190,F2021_to_S2022,0
9,190,F2021_to_F2024,0
9,190,F2021_to_S2025,NA
9,190,S2022_to_F2024,0
9,190,S2022_to_S2025,NA
9,200,F2021_to_S2022,0.5
9,200,F2021_to_F2024,0.5
9,200,F2021_to_S2025,NA
9,200,S2022_to_F2024,0
9,200,S2022_to_S2025,NA
9,210,F2021_to_S2022,1
9,210,F2021_to_F2024,0.5
9,210,F2021_to_S2025,NA
9,210,S2022_to_F2024,-0.5
9,210,S2022_to_S2025,NA
9,220,F2021_to_S2022,1
9,220,F2021_to_F2024,1.5
9,220,F2021_to_S2025,NA
9,220,S2022_to_F2024,0.5
9,220,S2022_to_S2025,NA
9,230,F2021_to_S2022,1
9,230,F2021_to_F2024,2.5
9,230,F2021_to_S2025,NA
9,230,S2022_to_F2024,1.5
9,230,S2022_to_S2025,NA
9,240,F2021_to_S2022,1.5
9,240,F2021_to_F2024,3.5
9,240,F2021_to_S2025,NA
9,240,S2022_to_F2024,2
9,240,S2022_to_S2025,NA
9,250,F2021_to_S2022,1.5
9,250,F2021_to_F2024,4.5
9,250,F2021_to_S2025,NA
9,250,S2022_to_F2024,3
9,250,S2022_to_S2025,NA
9,260,F2021_to_S2022,2
9,260,F2021_to_F2024,4
9,260,F2021_to_S2025,NA
9,260,S2022_to_F2024,2
9,260,S2022_to_S2025,NA
9,270,F2021_to_S2022,2
9,270,F2021_to_F2024,3
9,270,F2021_to_S2025,NA
9,270,S2022_to_F2024,1
9,270,S2022_to_S2025,NA
9,280,F2021_to_S2022,3
9,280,F2021_to_F2024,4
9,280,F2021_to_S2025,NA
9,280,S2022_to_F2024,1
9,280,S2022_to_S2025,NA
10,160,F2021_to_S2022,0
10,160,F2021_to_F2024,0
10,160,F2021_to_S2025,NA
10,160,S2022_to_F2024,0
10,160,S2022_to_S2025,NA
10,170,F2021_to_S2022,0
10,170,F2021_to_F2024,0
10,170,F2021_to_S2025,NA
10,170,S2022_to_F2024,0
10,170,S2022_to_S2025,NA
10,180,F2021_to_S2022,0.5
10,180,F2021_to_F2024,0
10,180,F2021_to_S2025,NA
10,180,S2022_to_F2024,-0.5
10,180,S2022_to_S2025,NA
10,190,F2021_to_S2022,0.5
10,190,F2021_to_F2024,0
10,190,F2021_to_S2025,NA
10,190,S2022_to_F2024,-0.5
10,190,S2022_to_S2025,NA
10,200,F2021_to_S2022,0.5
10,200,F2021_to_F2024,1
10,200,F2021_to_S2025,NA
10,200,S2022_to_F2024,0.5
10,200,S2022_to_S2025,NA
10,210,F2021_to_S2022,0
10,210,F2021_to_F2024,0
10,210,F2021_to_S2025,NA
10,210,S2022_to_F2024,0
10,210,S2022_to_S2025,NA
10,220,F2021_to_S2022,-0.5
10,220,F2021_to_F2024,-2.5
10,220,F2021_to_S2025,NA
10,220,S2022_to_F2024,-2
10,220,S2022_to_S2025,NA
10,230,F2021_to_S2022,-0.5
10,230,F2021_to_F2024,-2.5
10,230,F2021_to_S2025,NA
10,230,S2022_to_F2024,-2
10,230,S2022_to_S2025,NA
11,150,F2021_to_S2022,0
11,150,F2021_to_F2024,0
11,150,F2021_to_S2025,NA
11,150,S2022_to_F2024,0
11,150,S2022_to_S2025,NA
11,160,F2021_to_S2022,-0.5
11,160,F2021_to_F2024,-0.5
11,160,F2021_to_S2025,NA
11,160,S2022_to_F2024,0
11,160,S2022_to_S2025,NA
11,170,F2021_to_S2022,-1
11,170,F2021_to_F2024,-1
11,170,F2021_to_S2025,NA
11,170,S2022_to_F2024,0
11,170,S2022_to_S2025,NA
11,180,F2021_to_S2022,-0.5
11,180,F2021_to_F2024,0.5
11,180,F2021_to_S2025,NA
11,180,S2022_to_F2024,1
11,180,S2022_to_S2025,NA
11,190,F2021_to_S2022,-0.5
11,190,F2021_to_F2024,-0.5
11,190,F2021_to_S2025,NA
11,190,S2022_to_F2024,0
11,190,S2022_to_S2025,NA
11,200,F2021_to_S2022,-0.5
11,200,F2021_to_F2024,-1
11,200,F2021_to_S2025,NA
11,200,S2022_to_F2024,-0.5
11,200,S2022_to_S2025,NA
11,210,F2021_to_S2022,-0.5
11,210,F2021_to_F2024,-1.5
11,210,F2021_to_S2025,NA
11,210,S2022_to_F2024,-1
11,210,S2022_to_S2025,NA
11,220,F2021_to_S2022,0
11,220,F2021_to_F2024,-1
11,220,F2021_to_S2025,NA
11,220,S2022_to_F2024,-1
11,220,S2022_to_S2025,NA
11,230,F2021_to_S2022,-0.5
11,230,F2021_to_F2024,-2.5
11,230,F2021_to_S2025,NA
11,230,S2022_to_F2024,-2
11,230,S2022_to_S2025,NA
11,240,F2021_to_S2022,-0.5
11,240,F2021_to_F2024,-1.5
11,240,F2021_to_S2025,NA
11,240,S2022_to_F2024,-1
11,240,S2022_to_S2025,NA
12,130,F2021_to_S2022,0
12,130,F2021_to_F2024,0
12,130,F2021_to_S2025,NA
12,130,S2022_to_F2024,0
12,130,S2022_to_S2025,NA
12,140,F2021_to_S2022,-4.5
12,140,F2021_to_F2024,-6.5
12,140,F2021_to_S2025,NA
12,140,S2022_to_F2024,-2
12,140,S2022_to_S2025,NA
12,150,F2021_to_S2022,-4.5
12,150,F2021_to_F2024,-7.5
12,150,F2021_to_S2025,NA
12,150,S2022_to_F2024,-3
12,150,S2022_to_S2025,NA
12,160,F2021_to_S2022,0
12,160,F2021_to_F2024,-6.5
12,160,F2021_to_S2025,NA
12,160,S2022_to_F2024,-6.5
12,160,S2022_to_S2025,NA
12,170,F2021_to_S2022,0.5
12,170,F2021_to_F2024,-9.5
12,170,F2021_to_S2025,NA
12,170,S2022_to_F2024,-10
12,170,S2022_to_S2025,NA
12,180,F2021_to_S2022,-0.5
12,180,F2021_to_F2024,-12.5
12,180,F2021_to_S2025,NA
12,180,S2022_to_F2024,-12
12,180,S2022_to_S2025,NA
12,190,F2021_to_S2022,-0.5
12,190,F2021_to_F2024,-15.5
12,190,F2021_to_S2025,NA
12,190,S2022_to_F2024,-15
12,190,S2022_to_S2025,NA
12,200,F2021_to_S2022,-0.5
12,200,F2021_to_F2024,-18
12,200,F2021_to_S2025,NA
12,200,S2022_to_F2024,-17.5
12,200,S2022_to_S2025,NA
13,120,F2021_to_S2022,0
13,120,F2021_to_F2024,0
13,120,F2021_to_S2025,NA
13,120,S2022_to_F2024,0
13,120,S2022_to_S2025,NA
13,130,F2021_to_S2022,-0.5
13,130,F2021_to_F2024,0
13,130,F2021_to_S2025,NA
13,130,S2022_to_F2024,0.5
13,130,S2022_to_S2025,NA
13,140,F2021_to_S2022,1.5
13,140,F2021_to_F2024,2
13,140,F2021_to_S2025,NA
13,140,S2022_to_F2024,0.5
13,140,S2022_to_S2025,NA
13,150,F2021_to_S2022,2
13,150,F2021_to_F2024,3
13,150,F2021_to_S2025,NA
13,150,S2022_to_F2024,1
13,150,S2022_to_S2025,NA
13,160,F2021_to_S2022,2
13,160,F2021_to_F2024,2.5
13,160,F2021_to_S2025,NA
13,160,S2022_to_F2024,0.5
13,160,S2022_to_S2025,NA
13,170,F2021_to_S2022,1.5
13,170,F2021_to_F2024,1
13,170,F2021_to_S2025,NA
13,170,S2022_to_F2024,-0.5
13,170,S2022_to_S2025,NA
13,180,F2021_to_S2022,1
13,180,F2021_to_F2024,0
13,180,F2021_to_S2025,NA
13,180,S2022_to_F2024,-1
13,180,S2022_to_S2025,NA
14,100,F2021_to_S2022,0
14,100,F2021_to_F2024,0
14,100,F2021_to_S2025,NA
14,100,S2022_to_F2024,0
14,100,S2022_to_S2025,NA
14,110,F2021_to_S2022,1
14,110,F2021_to_F2024,1.5
14,110,F2021_to_S2025,NA
14,110,S2022_to_F2024,0.5
14,110,S2022_to_S2025,NA
14,120,F2021_to_S2022,0.5
14,120,F2021_to_F2024,1
14,120,F2021_to_S2025,NA
14,120,S2022_to_F2024,0.5
14,120,S2022_to_S2025,NA
14,130,F2021_to_S2022,1.5
14,130,F2021_to_F2024,1
14,130,F2021_to_S2025,NA
14,130,S2022_to_F2024,-0.5
14,130,S2022_to_S2025,NA
14,140,F2021_to_S2022,0.5
14,140,F2021_to_F2024,0
14,140,F2021_to_S2025,NA
14,140,S2022_to_F2024,-0.5
14,140,S2022_to_S2025,NA
14,150,F2021_to_S2022,0.5
14,150,F2021_to_F2024,-0.5
14,150,F2021_to_S2025,NA
14,150,S2022_to_F2024,-1
14,150,S2022_to_S2025,NA
14,160,F2021_to_S2022,0
14,160,F2021_to_F2024,-1
14,160,F2021_to_S2025,NA
14,160,S2022_to_F2024,-1
14,160,S2022_to_S2025,NA
14,170,F2021_to_S2022,-1.5
14,170,F2021_to_F2024,-1
14,170,F2021_to_S2025,NA
14,170,S2022_to_F2024,0.5
14,170,S2022_to_S2025,NA
14,180,F2021_to_S2022,-1
14,180,F2021_to_F2024,-0.5
14,180,F2021_to_S2025,NA
14,180,S2022_to_F2024,0.5
14,180,S2022_to_S2025,NA
15,170,F2021_to_S2022,0
15,170,F2021_to_F2024,0
15,170,F2021_to_S2025,NA
15,170,S2022_to_F2024,0
15,170,S2022_to_S2025,NA
15,180,F2021_to_S2022,0
15,180,F2021_to_F2024,1
15,180,F2021_to_S2025,NA
15,180,S2022_to_F2024,1
15,180,S2022_to_S2025,NA
15,190,F2021_to_S2022,0
15,190,F2021_to_F2024,1
15,190,F2021_to_S2025,NA
15,190,S2022_to_F2024,1
15,190,S2022_to_S2025,NA
15,200,F2021_to_S2022,-0.5
15,200,F2021_to_F2024,1
15,200,F2021_to_S2025,NA
15,200,S2022_to_F2024,1.5
15,200,S2022_to_S2025,NA
15,210,F2021_to_S2022,-1
15,210,F2021_to_F2024,0
15,210,F2021_to_S2025,NA
15,210,S2022_to_F2024,1
15,210,S2022_to_S2025,NA
15,220,F2021_to_S2022,-1.5
15,220,F2021_to_F2024,-1
15,220,F2021_to_S2025,NA
15,220,S2022_to_F2024,0.5
15,220,S2022_to_S2025,NA
15,230,F2021_to_S2022,-1
15,230,F2021_to_F2024,-1.5
15,230,F2021_to_S2025,NA
15,230,S2022_to_F2024,-0.5
15,230,S2022_to_S2025,NA
15,240,F2021_to_S2022,-3
15,240,F2021_to_F2024,-4
15,240,F2021_to_S2025,NA
15,240,S2022_to_F2024,-1
15,240,S2022_to_S2025,NA
16,120,F2021_to_S2022,0
16,120,F2021_to_F2024,0
16,120,F2021_to_S2025,NA
16,120,S2022_to_F2024,0
16,120,S2022_to_S2025,NA
16,130,F2021_to_S2022,0
16,130,F2021_to_F2024,0
16,130,F2021_to_S2025,NA
16,130,S2022_to_F2024,0
16,130,S2022_to_S2025,NA
16,140,F2021_to_S2022,0.5
16,140,F2021_to_F2024,1
16,140,F2021_to_S2025,NA
16,140,S2022_to_F2024,0.5
16,140,S2022_to_S2025,NA
16,150,F2021_to_S2022,1.5
16,150,F2021_to_F2024,2
16,150,F2021_to_S2025,NA
16,150,S2022_to_F2024,0.5
16,150,S2022_to_S2025,NA
16,160,F2021_to_S2022,2
16,160,F2021_to_F2024,4
16,160,F2021_to_S2025,NA
16,160,S2022_to_F2024,2
16,160,S2022_to_S2025,NA
16,170,F2021_to_S2022,1.5
16,170,F2021_to_F2024,4
16,170,F2021_to_S2025,NA
16,170,S2022_to_F2024,2.5
16,170,S2022_to_S2025,NA
16,180,F2021_to_S2022,1
16,180,F2021_to_F2024,4
16,180,F2021_to_S2025,NA
16,180,S2022_to_F2024,3
16,180,S2022_to_S2025,NA
16,190,F2021_to_S2022,0.5
16,190,F2021_to_F2024,3.5
16,190,F2021_to_S2025,NA
16,190,S2022_to_F2024,3
16,190,S2022_to_S2025,NA
17,170,F2021_to_S2022,0
17,170,F2021_to_F2024,0
17,170,F2021_to_S2025,NA
17,170,S2022_to_F2024,0
17,170,S2022_to_S2025,NA
17,180,F2021_to_S2022,2
17,180,F2021_to_F2024,0
17,180,F2021_to_S2025,NA
17,180,S2022_to_F2024,-2
17,180,S2022_to_S2025,NA
17,190,F2021_to_S2022,3.5
17,190,F2021_to_F2024,4
17,190,F2021_to_S2025,NA
17,190,S2022_to_F2024,0.5
17,190,S2022_to_S2025,NA
17,200,F2021_to_S2022,3
17,200,F2021_to_F2024,6
17,200,F2021_to_S2025,NA
17,200,S2022_to_F2024,3
17,200,S2022_to_S2025,NA
17,210,F2021_to_S2022,2
17,210,F2021_to_F2024,8
17,210,F2021_to_S2025,NA
17,210,S2022_to_F2024,6
17,210,S2022_to_S2025,NA
17,220,F2021_to_S2022,1.5
17,220,F2021_to_F2024,8.5
17,220,F2021_to_S2025,NA
17,220,S2022_to_F2024,7
17,220,S2022_to_S2025,NA
17,230,F2021_to_S2022,1
17,230,F2021_to_F2024,6
17,230,F2021_to_S2025,NA
17,230,S2022_to_F2024,5
17,230,S2022_to_S2025,NA
17,240,F2021_to_S2022,0
17,240,F2021_to_F2024,3.5
17,240,F2021_to_S2025,NA
17,240,S2022_to_F2024,3.5
17,240,S2022_to_S2025,NA
17,250,F2021_to_S2022,0
17,250,F2021_to_F2024,2
17,250,F2021_to_S2025,NA
17,250,S2022_to_F2024,2
17,250,S2022_to_S2025,NA
17,260,F2021_to_S2022,-1.5
17,260,F2021_to_F2024,0
17,260,F2021_to_S2025,NA
17,260,S2022_to_F2024,1.5
17,260,S2022_to_S2025,NA
18,100,F2021_to_S2022,0
18,100,F2021_to_F2024,0
18,100,F2021_to_S2025,NA
18,100,S2022_to_F2024,0
18,100,S2022_to_S2025,NA
18,110,F2021_to_S2022,1
18,110,F2021_to_F2024,2
18,110,F2021_to_S2025,NA
18,110,S2022_to_F2024,1
18,110,S2022_to_S2025,NA
18,120,F2021_to_S2022,1
18,120,F2021_to_F2024,1.5
18,120,F2021_to_S2025,NA
18,120,S2022_to_F2024,0.5
18,120,S2022_to_S2025,NA
18,130,F2021_to_S2022,2
18,130,F2021_to_F2024,3
18,130,F2021_to_S2025,NA
18,130,S2022_to_F2024,1
18,130,S2022_to_S2025,NA
18,140,F2021_to_S2022,2
18,140,F2021_to_F2024,3
18,140,F2021_to_S2025,NA
18,140,S2022_to_F2024,1
18,140,S2022_to_S2025,NA
18,150,F2021_to_S2022,1.5
18,150,F2021_to_F2024,2.5
18,150,F2021_to_S2025,NA
18,150,S2022_to_F2024,1
18,150,S2022_to_S2025,NA
18,160,F2021_to_S2022,2
18,160,F2021_to_F2024,2
18,160,F2021_to_S2025,NA
18,160,S2022_to_F2024,0
18,160,S2022_to_S2025,NA
18,170,F2021_to_S2022,1.5
18,170,F2021_to_F2024,1.5
18,170,F2021_to_S2025,NA
18,170,S2022_to_F2024,0
18,170,S2022_to_S2025,NA
18,180,F2021_to_S2022,0.5
18,180,F2021_to_F2024,0
18,180,F2021_to_S2025,NA
18,180,S2022_to_F2024,-0.5
18,180,S2022_to_S2025,NA
19,110,F2021_to_S2022,0
19,110,F2021_to_F2024,0
19,110,F2021_to_S2025,NA
19,110,S2022_to_F2024,0
19,110,S2022_to_S2025,NA
19,120,F2021_to_S2022,0.5
19,120,F2021_to_F2024,0.5
19,120,F2021_to_S2025,NA
19,120,S2022_to_F2024,0
19,120,S2022_to_S2025,NA
19,130,F2021_to_S2022,0.8999999999999999
19,130,F2021_to_F2024,3
19,130,F2021_to_S2025,NA
19,130,S2022_to_F2024,2.1
19,130,S2022_to_S2025,NA
19,140,F2021_to_S2022,0
19,140,F2021_to_F2024,1
19,140,F2021_to_S2025,NA
19,140,S2022_to_F2024,1
19,140,S2022_to_S2025,NA
19,150,F2021_to_S2022,0
19,150,F2021_to_F2024,2.5
19,150,F2021_to_S2025,NA
19,150,S2022_to_F2024,2.5
19,150,S2022_to_S2025,NA
19,160,F2021_to_S2022,1
19,160,F2021_to_F2024,2
19,160,F2021_to_S2025,NA
19,160,S2022_to_F2024,1
19,160,S2022_to_S2025,NA
19,170,F2021_to_S2022,1
19,170,F2021_to_F2024,2
19,170,F2021_to_S2025,NA
19,170,S2022_to_F2024,1
19,170,S2022_to_S2025,NA
19,180,F2021_to_S2022,2
19,180,F2021_to_F2024,1.5
19,180,F2021_to_S2025,NA
19,180,S2022_to_F2024,-0.5
19,180,S2022_to_S2025,NA
19,190,F2021_to_S2022,1.5
19,190,F2021_to_F2024,1
19,190,F2021_to_S2025,NA
19,190,S2022_to_F2024,-0.5
19,190,S2022_to_S2025,NA
19,200,F2021_to_S2022,1.5
19,200,F2021_to_F2024,-0.5
19,200,F2021_to_S2025,NA
19,200,S2022_to_F2024,-2
19,200,S2022_to_S2025,NA
19,210,F2021_to_S2022,1
19,210,F2021_to_F2024,-1.5
19,210,F2021_to_S2025,NA
19,210,S2022_to_F2024,-2.5
19,210,S2022_to_S2025,NA
19,220,F2021_to_S2022,1
19,220,F2021_to_F2024,-2.5
19,220,F2021_to_S2025,NA
19,220,S2022_to_F2024,-3.5
19,220,S2022_to_S2025,NA
20,110,F2021_to_S2022,0
20,110,F2021_to_F2024,0
20,110,F2021_to_S2025,NA
20,110,S2022_to_F2024,0
20,110,S2022_to_S2025,NA
20,120,F2021_to_S2022,0
20,120,F2021_to_F2024,-2
20,120,F2021_to_S2025,NA
20,120,S2022_to_F2024,-2
20,120,S2022_to_S2025,NA
20,130,F2021_to_S2022,1
20,130,F2021_to_F2024,-3
20,130,F2021_to_S2025,NA
20,130,S2022_to_F2024,-4
20,130,S2022_to_S2025,NA
20,140,F2021_to_S2022,-1
20,140,F2021_to_F2024,-5
20,140,F2021_to_S2025,NA
20,140,S2022_to_F2024,-4
20,140,S2022_to_S2025,NA
20,150,F2021_to_S2022,-1
20,150,F2021_to_F2024,-6
20,150,F2021_to_S2025,NA
20,150,S2022_to_F2024,-5
20,150,S2022_to_S2025,NA
20,160,F2021_to_S2022,-1.5
20,160,F2021_to_F2024,-7.5
20,160,F2021_to_S2025,NA
20,160,S2022_to_F2024,-6
20,160,S2022_to_S2025,NA
20,170,F2021_to_S2022,-1
20,170,F2021_to_F2024,-5.5
20,170,F2021_to_S2025,NA
20,170,S2022_to_F2024,-4.5
20,170,S2022_to_S2025,NA
20,180,F2021_to_S2022,-1.5
20,180,F2021_to_F2024,-7
20,180,F2021_to_S2025,NA
20,180,S2022_to_F2024,-5.5
20,180,S2022_to_S2025,NA
20,190,F2021_to_S2022,-0.5
20,190,F2021_to_F2024,-7.5
20,190,F2021_to_S2025,NA
20,190,S2022_to_F2024,-7
20,190,S2022_to_S2025,NA
20,200,F2021_to_S2022,-1.5
20,200,F2021_to_F2024,-9
20,200,F2021_to_S2025,NA
20,200,S2022_to_F2024,-7.5
20,200,S2022_to_S2025,NA
20,210,F2021_to_S2022,-1.5
20,210,F2021_to_F2024,-9
20,210,F2021_to_S2025,NA
20,210,S2022_to_F2024,-7.5
20,210,S2022_to_S2025,NA
20,220,F2021_to_S2022,-2
20,220,F2021_to_F2024,-9
20,220,F2021_to_S2025,NA
20,220,S2022_to_F2024,-7
20,220,S2022_to_S2025,NA
21,120,F2021_to_S2022,0
21,120,F2021_to_F2024,0
21,120,F2021_to_S2025,NA
21,120,S2022_to_F2024,0
21,120,S2022_to_S2025,NA
21,130,F2021_to_S2022,2.5
21,130,F2021_to_F2024,0.5
21,130,F2021_to_S2025,NA
21,130,S2022_to_F2024,-2
21,130,S2022_to_S2025,NA
21,140,F2021_to_S2022,4.5
21,140,F2021_to_F2024,-0.5
21,140,F2021_to_S2025,NA
21,140,S2022_to_F2024,-5
21,140,S2022_to_S2025,NA
21,150,F2021_to_S2022,5.5
21,150,F2021_to_F2024,-0.5
21,150,F2021_to_S2025,NA
21,150,S2022_to_F2024,-6
21,150,S2022_to_S2025,NA
21,160,F2021_to_S2022,5.5
21,160,F2021_to_F2024,-1.5
21,160,F2021_to_S2025,NA
21,160,S2022_to_F2024,-7
21,160,S2022_to_S2025,NA
21,170,F2021_to_S2022,3.5
21,170,F2021_to_F2024,-2.5
21,170,F2021_to_S2025,NA
21,170,S2022_to_F2024,-6
21,170,S2022_to_S2025,NA
21,180,F2021_to_S2022,3.5
21,180,F2021_to_F2024,-2
21,180,F2021_to_S2025,NA
21,180,S2022_to_F2024,-5.5
21,180,S2022_to_S2025,NA
21,190,F2021_to_S2022,4
21,190,F2021_to_F2024,-1.5
21,190,F2021_to_S2025,NA
21,190,S2022_to_F2024,-5.5
21,190,S2022_to_S2025,NA
22,130,F2021_to_S2022,0
22,130,F2021_to_F2024,0
22,130,F2021_to_S2025,NA
22,130,S2022_to_F2024,0
22,130,S2022_to_S2025,NA
22,140,F2021_to_S2022,3
22,140,F2021_to_F2024,2
22,140,F2021_to_S2025,NA
22,140,S2022_to_F2024,-1
22,140,S2022_to_S2025,NA
22,150,F2021_to_S2022,2.5
22,150,F2021_to_F2024,4
22,150,F2021_to_S2025,NA
22,150,S2022_to_F2024,1.5
22,150,S2022_to_S2025,NA
22,160,F2021_to_S2022,4
22,160,F2021_to_F2024,3.5
22,160,F2021_to_S2025,NA
22,160,S2022_to_F2024,-0.5
22,160,S2022_to_S2025,NA
22,170,F2021_to_S2022,1.5
22,170,F2021_to_F2024,1
22,170,F2021_to_S2025,NA
22,170,S2022_to_F2024,-0.5
22,170,S2022_to_S2025,NA
22,180,F2021_to_S2022,-1
22,180,F2021_to_F2024,-0.5
22,180,F2021_to_S2025,NA
22,180,S2022_to_F2024,0.5
22,180,S2022_to_S2025,NA
22,190,F2021_to_S2022,0.5
22,190,F2021_to_F2024,1.5
22,190,F2021_to_S2025,NA
22,190,S2022_to_F2024,1
22,190,S2022_to_S2025,NA
22,200,F2021_to_S2022,0
22,200,F2021_to_F2024,-0.5
22,200,F2021_to_S2025,NA
22,200,S2022_to_F2024,-0.5
22,200,S2022_to_S2025,NA
22,210,F2021_to_S2022,-1
22,210,F2021_to_F2024,-3
22,210,F2021_to_S2025,NA
22,210,S2022_to_F2024,-2
22,210,S2022_to_S2025,NA
22,220,F2021_to_S2022,-2.5
22,220,F2021_to_F2024,-1.5
22,220,F2021_to_S2025,NA
22,220,S2022_to_F2024,1
22,220,S2022_to_S2025,NA
22,230,F2021_to_S2022,-1
22,230,F2021_to_F2024,-1.5
22,230,F2021_to_S2025,NA
22,230,S2022_to_F2024,-0.5
22,230,S2022_to_S2025,NA
23,150,F2021_to_S2022,0
23,150,F2021_to_F2024,0
23,150,F2021_to_S2025,NA
23,150,S2022_to_F2024,0
23,150,S2022_to_S2025,NA
23,160,F2021_to_S2022,-2
23,160,F2021_to_F2024,0.5
23,160,F2021_to_S2025,NA
23,160,S2022_to_F2024,2.5
23,160,S2022_to_S2025,NA
23,170,F2021_to_S2022,2
23,170,F2021_to_F2024,4.5
23,170,F2021_to_S2025,NA
23,170,S2022_to_F2024,2.5
23,170,S2022_to_S2025,NA
23,180,F2021_to_S2022,0.5
23,180,F2021_to_F2024,3.5
23,180,F2021_to_S2025,NA
23,180,S2022_to_F2024,3
23,180,S2022_to_S2025,NA
23,190,F2021_to_S2022,1.5
23,190,F2021_to_F2024,3.5
23,190,F2021_to_S2025,NA
23,190,S2022_to_F2024,2
23,190,S2022_to_S2025,NA
23,200,F2021_to_S2022,3
23,200,F2021_to_F2024,6
23,200,F2021_to_S2025,NA
23,200,S2022_to_F2024,3
23,200,S2022_to_S2025,NA
23,210,F2021_to_S2022,-1
23,210,F2021_to_F2024,1.5
23,210,F2021_to_S2025,NA
23,210,S2022_to_F2024,2.5
23,210,S2022_to_S2025,NA
23,220,F2021_to_S2022,-0.5
23,220,F2021_to_F2024,1
23,220,F2021_to_S2025,NA
23,220,S2022_to_F2024,1.5
23,220,S2022_to_S2025,NA
23,230,F2021_to_S2022,-0.5
23,230,F2021_to_F2024,0
23,230,F2021_to_S2025,NA
23,230,S2022_to_F2024,0.5
23,230,S2022_to_S2025,NA
23,240,F2021_to_S2022,-2.5
23,240,F2021_to_F2024,-2
23,240,F2021_to_S2025,NA
23,240,S2022_to_F2024,0.5
23,240,S2022_to_S2025,NA
23,250,F2021_to_S2022,-3
23,250,F2021_to_F2024,-2.5
23,250,F2021_to_S2025,NA
23,250,S2022_to_F2024,0.5
23,250,S2022_to_S2025,NA
23,260,F2021_to_S2022,-2
23,260,F2021_to_F2024,1
23,260,F2021_to_S2025,NA
23,260,S2022_to_F2024,3
23,260,S2022_to_S2025,NA
24,150,F2021_to_S2022,0
24,150,F2021_to_F2024,0
24,150,F2021_to_S2025,NA
24,150,S2022_to_F2024,0
24,150,S2022_to_S2025,NA
24,160,F2021_to_S2022,1.5
24,160,F2021_to_F2024,5
24,160,F2021_to_S2025,NA
24,160,S2022_to_F2024,3.5
24,160,S2022_to_S2025,NA
24,170,F2021_to_S2022,1.5
24,170,F2021_to_F2024,4.5
24,170,F2021_to_S2025,NA
24,170,S2022_to_F2024,3
24,170,S2022_to_S2025,NA
24,180,F2021_to_S2022,2
24,180,F2021_to_F2024,4.5
24,180,F2021_to_S2025,NA
24,180,S2022_to_F2024,2.5
24,180,S2022_to_S2025,NA
24,190,F2021_to_S2022,2
24,190,F2021_to_F2024,4.5
24,190,F2021_to_S2025,NA
24,190,S2022_to_F2024,2.5
24,190,S2022_to_S2025,NA
24,200,F2021_to_S2022,2.5
24,200,F2021_to_F2024,5.5
24,200,F2021_to_S2025,NA
24,200,S2022_to_F2024,3
24,200,S2022_to_S2025,NA
24,210,F2021_to_S2022,2
24,210,F2021_to_F2024,3.5
24,210,F2021_to_S2025,NA
24,210,S2022_to_F2024,1.5
24,210,S2022_to_S2025,NA
24,220,F2021_to_S2022,1
24,220,F2021_to_F2024,1.5
24,220,F2021_to_S2025,NA
24,220,S2022_to_F2024,0.5
24,220,S2022_to_S2025,NA
24,230,F2021_to_S2022,0
24,230,F2021_to_F2024,1.5
24,230,F2021_to_S2025,NA
24,230,S2022_to_F2024,1.5
24,230,S2022_to_S2025,NA
24,240,F2021_to_S2022,1.5
24,240,F2021_to_F2024,2
24,240,F2021_to_S2025,NA
24,240,S2022_to_F2024,0.5
24,240,S2022_to_S2025,NA
25,190,F2021_to_S2022,0
25,190,F2021_to_F2024,0
25,190,F2021_to_S2025,NA
25,190,S2022_to_F2024,0
25,190,S2022_to_S2025,NA
25,200,F2021_to_S2022,3
25,200,F2021_to_F2024,-0.5
25,200,F2021_to_S2025,NA
25,200,S2022_to_F2024,-3.5
25,200,S2022_to_S2025,NA
25,210,F2021_to_S2022,3
25,210,F2021_to_F2024,0.5
25,210,F2021_to_S2025,NA
25,210,S2022_to_F2024,-2.5
25,210,S2022_to_S2025,NA
25,220,F2021_to_S2022,3.5
25,220,F2021_to_F2024,1
25,220,F2021_to_S2025,NA
25,220,S2022_to_F2024,-2.5
25,220,S2022_to_S2025,NA
25,230,F2021_to_S2022,3.5
25,230,F2021_to_F2024,2.5
25,230,F2021_to_S2025,NA
25,230,S2022_to_F2024,-1
25,230,S2022_to_S2025,NA
25,240,F2021_to_S2022,3.5
25,240,F2021_to_F2024,3
25,240,F2021_to_S2025,NA
25,240,S2022_to_F2024,-0.5
25,240,S2022_to_S2025,NA
25,250,F2021_to_S2022,1.5
25,250,F2021_to_F2024,-1
25,250,F2021_to_S2025,NA
25,250,S2022_to_F2024,-2.5
25,250,S2022_to_S2025,NA
25,260,F2021_to_S2022,-0.5
25,260,F2021_to_F2024,-3.5
25,260,F2021_to_S2025,NA
25,260,S2022_to_F2024,-3
25,260,S2022_to_S2025,NA
26,190,F2021_to_S2022,0
26,190,F2021_to_F2024,0
26,190,F2021_to_S2025,NA
26,190,S2022_to_F2024,0
26,190,S2022_to_S2025,NA
26,200,F2021_to_S2022,4
26,200,F2021_to_F2024,1
26,200,F2021_to_S2025,NA
26,200,S2022_to_F2024,-3
26,200,S2022_to_S2025,NA
26,210,F2021_to_S2022,1.5
26,210,F2021_to_F2024,0.5
26,210,F2021_to_S2025,NA
26,210,S2022_to_F2024,-1
26,210,S2022_to_S2025,NA
26,220,F2021_to_S2022,1
26,220,F2021_to_F2024,0
26,220,F2021_to_S2025,NA
26,220,S2022_to_F2024,-1
26,220,S2022_to_S2025,NA
26,230,F2021_to_S2022,1.5
26,230,F2021_to_F2024,3
26,230,F2021_to_S2025,NA
26,230,S2022_to_F2024,1.5
26,230,S2022_to_S2025,NA
26,240,F2021_to_S2022,1
26,240,F2021_to_F2024,0
26,240,F2021_to_S2025,NA
26,240,S2022_to_F2024,-1
26,240,S2022_to_S2025,NA
27,160,F2021_to_S2022,0
27,160,F2021_to_F2024,NA
27,160,F2021_to_S2025,0
27,160,S2022_to_F2024,NA
27,160,S2022_to_S2025,0
27,170,F2021_to_S2022,3.5
27,170,F2021_to_F2024,NA
27,170,F2021_to_S2025,1
27,170,S2022_to_F2024,NA
27,170,S2022_to_S2025,-2.5
27,180,F2021_to_S2022,2.5
27,180,F2021_to_F2024,NA
27,180,F2021_to_S2025,1.5
27,180,S2022_to_F2024,NA
27,180,S2022_to_S2025,-1
27,190,F2021_to_S2022,2
27,190,F2021_to_F2024,NA
27,190,F2021_to_S2025,1.5
27,190,S2022_to_F2024,NA
27,190,S2022_to_S2025,-0.5
27,200,F2021_to_S2022,3.5
27,200,F2021_to_F2024,NA
27,200,F2021_to_S2025,3
27,200,S2022_to_F2024,NA
27,200,S2022_to_S2025,-0.5
27,210,F2021_to_S2022,3
27,210,F2021_to_F2024,NA
27,210,F2021_to_S2025,2.5
27,210,S2022_to_F2024,NA
27,210,S2022_to_S2025,-0.5
27,220,F2021_to_S2022,3
27,220,F2021_to_F2024,NA
27,220,F2021_to_S2025,3.5
27,220,S2022_to_F2024,NA
27,220,S2022_to_S2025,0.5
27,230,F2021_to_S2022,-2
27,230,F2021_to_F2024,NA
27,230,F2021_to_S2025,-0.5
27,230,S2022_to_F2024,NA
27,230,S2022_to_S2025,1.5
27,240,F2021_to_S2022,-3.5
27,240,F2021_to_F2024,NA
27,240,F2021_to_S2025,-2
27,240,S2022_to_F2024,NA
27,240,S2022_to_S2025,1.5
28,140,F2021_to_S2022,0
28,140,F2021_to_F2024,NA
28,140,F2021_to_S2025,NA
28,140,S2022_to_F2024,NA
28,140,S2022_to_S2025,NA
28,150,F2021_to_S2022,-4.5
28,150,F2021_to_F2024,NA
28,150,F2021_to_S2025,NA
28,150,S2022_to_F2024,NA
28,150,S2022_to_S2025,NA
28,160,F2021_to_S2022,-8
28,160,F2021_to_F2024,NA
28,160,F2021_to_S2025,NA
28,160,S2022_to_F2024,NA
28,160,S2022_to_S2025,NA
28,170,F2021_to_S2022,-14
28,170,F2021_to_F2024,NA
28,170,F2021_to_S2025,NA
28,170,S2022_to_F2024,NA
28,170,S2022_to_S2025,NA
28,180,F2021_to_S2022,-18
28,180,F2021_to_F2024,NA
28,180,F2021_to_S2025,NA
28,180,S2022_to_F2024,NA
28,180,S2022_to_S2025,NA
28,190,F2021_to_S2022,-21
28,190,F2021_to_F2024,NA
28,190,F2021_to_S2025,NA
28,190,S2022_to_F2024,NA
28,190,S2022_to_S2025,NA
29,180,F2021_to_S2022,0
29,180,F2021_to_F2024,NA
29,180,F2021_to_S2025,NA
29,180,S2022_to_F2024,NA
29,180,S2022_to_S2025,NA
29,190,F2021_to_S2022,0.5
29,190,F2021_to_F2024,NA
29,190,F2021_to_S2025,NA
29,190,S2022_to_F2024,NA
29,190,S2022_to_S2025,NA
29,200,F2021_to_S2022,2
29,200,F2021_to_F2024,NA
29,200,F2021_to_S2025,NA
29,200,S2022_to_F2024,NA
29,200,S2022_to_S2025,NA
29,210,F2021_to_S2022,3
29,210,F2021_to_F2024,NA
29,210,F2021_to_S2025,NA
29,210,S2022_to_F2024,NA
29,210,S2022_to_S2025,NA
29,220,F2021_to_S2022,1.5
29,220,F2021_to_F2024,NA
29,220,F2021_to_S2025,NA
29,220,S2022_to_F2024,NA
29,220,S2022_to_S2025,NA
29,230,F2021_to_S2022,1.5
29,230,F2021_to_F2024,NA
29,230,F2021_to_S2025,NA
29,230,S2022_to_F2024,NA
29,230,S2022_to_S2025,NA
29,240,F2021_to_S2022,0
29,240,F2021_to_F2024,NA
29,240,F2021_to_S2025,NA
29,240,S2022_to_F2024,NA
29,240,S2022_to_S2025,NA
29,250,F2021_to_S2022,0
29,250,F2021_to_F2024,NA
29,250,F2021_to_S2025,NA
29,250,S2022_to_F2024,NA
29,250,S2022_to_S2025,NA
30,100,F2021_to_S2022,0
30,100,F2021_to_F2024,NA
30,100,F2021_to_S2025,0
30,100,S2022_to_F2024,NA
30,100,S2022_to_S2025,0
30,110,F2021_to_S2022,0
30,110,F2021_to_F2024,NA
30,110,F2021_to_S2025,0.5
30,110,S2022_to_F2024,NA
30,110,S2022_to_S2025,0.5
30,120,F2021_to_S2022,1
30,120,F2021_to_F2024,NA
30,120,F2021_to_S2025,1.5
30,120,S2022_to_F2024,NA
30,120,S2022_to_S2025,0.5
30,130,F2021_to_S2022,1.5
30,130,F2021_to_F2024,NA
30,130,F2021_to_S2025,2.5
30,130,S2022_to_F2024,NA
30,130,S2022_to_S2025,1
30,140,F2021_to_S2022,1
30,140,F2021_to_F2024,NA
30,140,F2021_to_S2025,2
30,140,S2022_to_F2024,NA
30,140,S2022_to_S2025,1
30,150,F2021_to_S2022,1
30,150,F2021_to_F2024,NA
30,150,F2021_to_S2025,2.5
30,150,S2022_to_F2024,NA
30,150,S2022_to_S2025,1.5
30,160,F2021_to_S2022,1
30,160,F2021_to_F2024,NA
30,160,F2021_to_S2025,2.5
30,160,S2022_to_F2024,NA
30,160,S2022_to_S2025,1.5
30,170,F2021_to_S2022,3
30,170,F2021_to_F2024,NA
30,170,F2021_to_S2025,4
30,170,S2022_to_F2024,NA
30,170,S2022_to_S2025,1
30,180,F2021_to_S2022,2.5
30,180,F2021_to_F2024,NA
30,180,F2021_to_S2025,3.5
30,180,S2022_to_F2024,NA
30,180,S2022_to_S2025,1
30,190,F2021_to_S2022,1.5
30,190,F2021_to_F2024,NA
30,190,F2021_to_S2025,3
30,190,S2022_to_F2024,NA
30,190,S2022_to_S2025,1.5
30,200,F2021_to_S2022,1
30,200,F2021_to_F2024,NA
30,200,F2021_to_S2025,0.5
30,200,S2022_to_F2024,NA
30,200,S2022_to_S2025,-0.5
31,200,F2021_to_S2022,0
31,200,F2021_to_F2024,NA
31,200,F2021_to_S2025,NA
31,200,S2022_to_F2024,NA
31,200,S2022_to_S2025,NA
31,210,F2021_to_S2022,0
31,210,F2021_to_F2024,NA
31,210,F2021_to_S2025,NA
31,210,S2022_to_F2024,NA
31,210,S2022_to_S2025,NA
31,220,F2021_to_S2022,1
31,220,F2021_to_F2024,NA
31,220,F2021_to_S2025,NA
31,220,S2022_to_F2024,NA
31,220,S2022_to_S2025,NA
31,230,F2021_to_S2022,1
31,230,F2021_to_F2024,NA
31,230,F2021_to_S2025,NA
31,230,S2022_to_F2024,NA
31,230,S2022_to_S2025,NA
31,240,F2021_to_S2022,0.5
31,240,F2021_to_F2024,NA
31,240,F2021_to_S2025,NA
31,240,S2022_to_F2024,NA
31,240,S2022_to_S2025,NA
31,250,F2021_to_S2022,3.5
31,250,F2021_to_F2024,NA
31,250,F2021_to_S2025,NA
31,250,S2022_to_F2024,NA
31,250,S2022_to_S2025,NA
31,260,F2021_to_S2022,4.5
31,260,F2021_to_F2024,NA
31,260,F2021_to_S2025,NA
31,260,S2022_to_F2024,NA
31,260,S2022_to_S2025,NA
31,270,F2021_to_S2022,6
31,270,F2021_to_F2024,NA
31,270,F2021_to_S2025,NA
31,270,S2022_to_F2024,NA
31,270,S2022_to_S2025,NA
31,280,F2021_to_S2022,6.5
31,280,F2021_to_F2024,NA
31,280,F2021_to_S2025,NA
31,280,S2022_to_F2024,NA
31,280,S2022_to_S2025,NA
31,290,F2021_to_S2022,7.5
31,290,F2021_to_F2024,NA
31,290,F2021_to_S2025,NA
31,290,S2022_to_F2024,NA
31,290,S2022_to_S2025,NA
31,300,F2021_to_S2022,8.5
31,300,F2021_to_F2024,NA
31,300,F2021_to_S2025,NA
31,300,S2022_to_F2024,NA
31,300,S2022_to_S2025,NA
32,140,F2021_to_S2022,0
32,140,F2021_to_F2024,NA
32,140,F2021_to_S2025,0
32,140,S2022_to_F2024,NA
32,140,S2022_to_S2025,0
32,150,F2021_to_S2022,0.5
32,150,F2021_to_F2024,NA
32,150,F2021_to_S2025,0
32,150,S2022_to_F2024,NA
32,150,S2022_to_S2025,-0.5
32,160,F2021_to_S2022,1
32,160,F2021_to_F2024,NA
32,160,F2021_to_S2025,1
32,160,S2022_to_F2024,NA
32,160,S2022_to_S2025,0
32,170,F2021_to_S2022,1
32,170,F2021_to_F2024,NA
32,170,F2021_to_S2025,0.5
32,170,S2022_to_F2024,NA
32,170,S2022_to_S2025,-0.5
32,180,F2021_to_S2022,2
32,180,F2021_to_F2024,NA
32,180,F2021_to_S2025,1
32,180,S2022_to_F2024,NA
32,180,S2022_to_S2025,-1
32,190,F2021_to_S2022,2.5
32,190,F2021_to_F2024,NA
32,190,F2021_to_S2025,1
32,190,S2022_to_F2024,NA
32,190,S2022_to_S2025,-1.5
32,200,F2021_to_S2022,3
32,200,F2021_to_F2024,NA
32,200,F2021_to_S2025,3
32,200,S2022_to_F2024,NA
32,200,S2022_to_S2025,0
33,100,F2021_to_S2022,0
33,100,F2021_to_F2024,NA
33,100,F2021_to_S2025,0
33,100,S2022_to_F2024,NA
33,100,S2022_to_S2025,0
33,110,F2021_to_S2022,1.5
33,110,F2021_to_F2024,NA
33,110,F2021_to_S2025,-0.5
33,110,S2022_to_F2024,NA
33,110,S2022_to_S2025,-2
33,120,F2021_to_S2022,2
33,120,F2021_to_F2024,NA
33,120,F2021_to_S2025,1
33,120,S2022_to_F2024,NA
33,120,S2022_to_S2025,-1
33,130,F2021_to_S2022,2
33,130,F2021_to_F2024,NA
33,130,F2021_to_S2025,1.5
33,130,S2022_to_F2024,NA
33,130,S2022_to_S2025,-0.5
33,140,F2021_to_S2022,2.5
33,140,F2021_to_F2024,NA
33,140,F2021_to_S2025,1.5
33,140,S2022_to_F2024,NA
33,140,S2022_to_S2025,-1
33,150,F2021_to_S2022,1
33,150,F2021_to_F2024,NA
33,150,F2021_to_S2025,0
33,150,S2022_to_F2024,NA
33,150,S2022_to_S2025,-1
33,160,F2021_to_S2022,1.5
33,160,F2021_to_F2024,NA
33,160,F2021_to_S2025,0.5
33,160,S2022_to_F2024,NA
33,160,S2022_to_S2025,-1
33,170,F2021_to_S2022,1.5
33,170,F2021_to_F2024,NA
33,170,F2021_to_S2025,0.5
33,170,S2022_to_F2024,NA
33,170,S2022_to_S2025,-1
33,180,F2021_to_S2022,2.5
33,180,F2021_to_F2024,NA
33,180,F2021_to_S2025,0.5
33,180,S2022_to_F2024,NA
33,180,S2022_to_S2025,-2
33,190,F2021_to_S2022,1
33,190,F2021_to_F2024,NA
33,190,F2021_to_S2025,-1.5
33,190,S2022_to_F2024,NA
33,190,S2022_to_S2025,-2.5
34,110,F2021_to_S2022,0
34,110,F2021_to_F2024,NA
34,110,F2021_to_S2025,0
34,110,S2022_to_F2024,NA
34,110,S2022_to_S2025,0
34,120,F2021_to_S2022,-1.5
34,120,F2021_to_F2024,NA
34,120,F2021_to_S2025,-1
34,120,S2022_to_F2024,NA
34,120,S2022_to_S2025,0.5
34,130,F2021_to_S2022,-1
34,130,F2021_to_F2024,NA
34,130,F2021_to_S2025,-0.5
34,130,S2022_to_F2024,NA
34,130,S2022_to_S2025,0.5
34,140,F2021_to_S2022,-1.5
34,140,F2021_to_F2024,NA
34,140,F2021_to_S2025,-1
34,140,S2022_to_F2024,NA
34,140,S2022_to_S2025,0.5
34,150,F2021_to_S2022,-1
34,150,F2021_to_F2024,NA
34,150,F2021_to_S2025,-1
34,150,S2022_to_F2024,NA
34,150,S2022_to_S2025,0
34,160,F2021_to_S2022,-1
34,160,F2021_to_F2024,NA
34,160,F2021_to_S2025,-1
34,160,S2022_to_F2024,NA
34,160,S2022_to_S2025,0
34,170,F2021_to_S2022,-2
34,170,F2021_to_F2024,NA
34,170,F2021_to_S2025,-2
34,170,S2022_to_F2024,NA
34,170,S2022_to_S2025,0
34,180,F2021_to_S2022,-11
34,180,F2021_to_F2024,NA
34,180,F2021_to_S2025,-11.5
34,180,S2022_to_F2024,NA
34,180,S2022_to_S2025,-0.5
34,190,F2021_to_S2022,-3
34,190,F2021_to_F2024,NA
34,190,F2021_to_S2025,-3
34,190,S2022_to_F2024,NA
34,190,S2022_to_S2025,0
34,200,F2021_to_S2022,-3
34,200,F2021_to_F2024,NA
34,200,F2021_to_S2025,-3.5
34,200,S2022_to_F2024,NA
34,200,S2022_to_S2025,-0.5
35,130,F2021_to_S2022,0
35,130,F2021_to_F2024,NA
35,130,F2021_to_S2025,0
35,130,S2022_to_F2024,NA
35,130,S2022_to_S2025,0
35,140,F2021_to_S2022,-1.5
35,140,F2021_to_F2024,NA
35,140,F2021_to_S2025,2
35,140,S2022_to_F2024,NA
35,140,S2022_to_S2025,3.5
35,150,F2021_to_S2022,0.5
35,150,F2021_to_F2024,NA
35,150,F2021_to_S2025,1.5
35,150,S2022_to_F2024,NA
35,150,S2022_to_S2025,1
35,160,F2021_to_S2022,-1
35,160,F2021_to_F2024,NA
35,160,F2021_to_S2025,2.5
35,160,S2022_to_F2024,NA
35,160,S2022_to_S2025,3.5
35,170,F2021_to_S2022,0.5
35,170,F2021_to_F2024,NA
35,170,F2021_to_S2025,3.5
35,170,S2022_to_F2024,NA
35,170,S2022_to_S2025,3
35,180,F2021_to_S2022,0
35,180,F2021_to_F2024,NA
35,180,F2021_to_S2025,1.5
35,180,S2022_to_F2024,NA
35,180,S2022_to_S2025,1.5
35,190,F2021_to_S2022,0
35,190,F2021_to_F2024,NA
35,190,F2021_to_S2025,3
35,190,S2022_to_F2024,NA
35,190,S2022_to_S2025,3
35,200,F2021_to_S2022,-2.5
35,200,F2021_to_F2024,NA
35,200,F2021_to_S2025,-1
35,200,S2022_to_F2024,NA
35,200,S2022_to_S2025,1.5
35,210,F2021_to_S2022,-3
35,210,F2021_to_F2024,NA
35,210,F2021_to_S2025,1
35,210,S2022_to_F2024,NA
35,210,S2022_to_S2025,4
35,220,F2021_to_S2022,-1
35,220,F2021_to_F2024,NA
35,220,F2021_to_S2025,1
35,220,S2022_to_F2024,NA
35,220,S2022_to_S2025,2
35,230,F2021_to_S2022,-2
35,230,F2021_to_F2024,NA
35,230,F2021_to_S2025,1
35,230,S2022_to_F2024,NA
35,230,S2022_to_S2025,3
35,240,F2021_to_S2022,-2
35,240,F2021_to_F2024,NA
35,240,F2021_to_S2025,0.5
35,240,S2022_to_F2024,NA
35,240,S2022_to_S2025,2.5
35,250,F2021_to_S2022,-1.5
35,250,F2021_to_F2024,NA
35,250,F2021_to_S2025,3.5
35,250,S2022_to_F2024,NA
35,250,S2022_to_S2025,5
35,260,F2021_to_S2022,0.5
35,260,F2021_to_F2024,NA
35,260,F2021_to_S2025,4.5
35,260,S2022_to_F2024,NA
35,260,S2022_to_S2025,4
35,270,F2021_to_S2022,0
35,270,F2021_to_F2024,NA
35,270,F2021_to_S2025,5
35,270,S2022_to_F2024,NA
35,270,S2022_to_S2025,5
36,80,F2021_to_S2022,0
36,80,F2021_to_F2024,0
36,80,F2021_to_S2025,NA
36,80,S2022_to_F2024,0
36,80,S2022_to_S2025,NA
36,90,F2021_to_S2022,-1.5
36,90,F2021_to_F2024,-1
36,90,F2021_to_S2025,NA
36,90,S2022_to_F2024,0.5
36,90,S2022_to_S2025,NA
36,100,F2021_to_S2022,-2
36,100,F2021_to_F2024,-1.5
36,100,F2021_to_S2025,NA
36,100,S2022_to_F2024,0.5
36,100,S2022_to_S2025,NA
36,110,F2021_to_S2022,-3
36,110,F2021_to_F2024,-2
36,110,F2021_to_S2025,NA
36,110,S2022_to_F2024,1
36,110,S2022_to_S2025,NA
36,120,F2021_to_S2022,-1
36,120,F2021_to_F2024,0.5
36,120,F2021_to_S2025,NA
36,120,S2022_to_F2024,1.5
36,120,S2022_to_S2025,NA
36,130,F2021_to_S2022,-2
36,130,F2021_to_F2024,2
36,130,F2021_to_S2025,NA
36,130,S2022_to_F2024,4
36,130,S2022_to_S2025,NA
36,140,F2021_to_S2022,-2.5
36,140,F2021_to_F2024,1.5
36,140,F2021_to_S2025,NA
36,140,S2022_to_F2024,4
36,140,S2022_to_S2025,NA
36,150,F2021_to_S2022,-3
36,150,F2021_to_F2024,1.5
36,150,F2021_to_S2025,NA
36,150,S2022_to_F2024,4.5
36,150,S2022_to_S2025,NA
36,160,F2021_to_S2022,1
36,160,F2021_to_F2024,4.5
36,160,F2021_to_S2025,NA
36,160,S2022_to_F2024,3.5
36,160,S2022_to_S2025,NA
36,170,F2021_to_S2022,-5
36,170,F2021_to_F2024,0.5
36,170,F2021_to_S2025,NA
36,170,S2022_to_F2024,5.5
36,170,S2022_to_S2025,NA
36,180,F2021_to_S2022,-3
36,180,F2021_to_F2024,1
36,180,F2021_to_S2025,NA
36,180,S2022_to_F2024,4
36,180,S2022_to_S2025,NA
37,110,F2021_to_S2022,0
37,110,F2021_to_F2024,0
37,110,F2021_to_S2025,NA
37,110,S2022_to_F2024,0
37,110,S2022_to_S2025,NA
37,120,F2021_to_S2022,0.5
37,120,F2021_to_F2024,0
37,120,F2021_to_S2025,NA
37,120,S2022_to_F2024,-0.5
37,120,S2022_to_S2025,NA
37,130,F2021_to_S2022,1
37,130,F2021_to_F2024,-1.5
37,130,F2021_to_S2025,NA
37,130,S2022_to_F2024,-2.5
37,130,S2022_to_S2025,NA
37,140,F2021_to_S2022,0.5
37,140,F2021_to_F2024,-3
37,140,F2021_to_S2025,NA
37,140,S2022_to_F2024,-3.5
37,140,S2022_to_S2025,NA
37,150,F2021_to_S2022,0
37,150,F2021_to_F2024,-4
37,150,F2021_to_S2025,NA
37,150,S2022_to_F2024,-4
37,150,S2022_to_S2025,NA
37,160,F2021_to_S2022,1.5
37,160,F2021_to_F2024,-4.5
37,160,F2021_to_S2025,NA
37,160,S2022_to_F2024,-6
37,160,S2022_to_S2025,NA
37,170,F2021_to_S2022,0.5
37,170,F2021_to_F2024,-6
37,170,F2021_to_S2025,NA
37,170,S2022_to_F2024,-6.5
37,170,S2022_to_S2025,NA
37,180,F2021_to_S2022,0
37,180,F2021_to_F2024,-6
37,180,F2021_to_S2025,NA
37,180,S2022_to_F2024,-6
37,180,S2022_to_S2025,NA
37,190,F2021_to_S2022,0.5
37,190,F2021_to_F2024,-6
37,190,F2021_to_S2025,NA
37,190,S2022_to_F2024,-6.5
37,190,S2022_to_S2025,NA
37,200,F2021_to_S2022,1.5
37,200,F2021_to_F2024,-5
37,200,F2021_to_S2025,NA
37,200,S2022_to_F2024,-6.5
37,200,S2022_to_S2025,NA
37,210,F2021_to_S2022,1
37,210,F2021_to_F2024,-5
37,210,F2021_to_S2025,NA
37,210,S2022_to_F2024,-6
37,210,S2022_to_S2025,NA
37,220,F2021_to_S2022,1.5
37,220,F2021_to_F2024,-5
37,220,F2021_to_S2025,NA
37,220,S2022_to_F2024,-6.5
37,220,S2022_to_S2025,NA
37,230,F2021_to_S2022,2
37,230,F2021_to_F2024,-4.5
37,230,F2021_to_S2025,NA
37,230,S2022_to_F2024,-6.5
37,230,S2022_to_S2025,NA
38,120,F2021_to_S2022,0
38,120,F2021_to_F2024,0
38,120,F2021_to_S2025,NA
38,120,S2022_to_F2024,0
38,120,S2022_to_S2025,NA
38,130,F2021_to_S2022,-0.5
38,130,F2021_to_F2024,-2
38,130,F2021_to_S2025,NA
38,130,S2022_to_F2024,-1.5
38,130,S2022_to_S2025,NA
38,140,F2021_to_S2022,0
38,140,F2021_to_F2024,-3
38,140,F2021_to_S2025,NA
38,140,S2022_to_F2024,-3
38,140,S2022_to_S2025,NA
38,150,F2021_to_S2022,-1.5
38,150,F2021_to_F2024,-3.5
38,150,F2021_to_S2025,NA
38,150,S2022_to_F2024,-2
38,150,S2022_to_S2025,NA
38,160,F2021_to_S2022,0
38,160,F2021_to_F2024,-2
38,160,F2021_to_S2025,NA
38,160,S2022_to_F2024,-2
38,160,S2022_to_S2025,NA
38,170,F2021_to_S2022,-0.5
38,170,F2021_to_F2024,-3
38,170,F2021_to_S2025,NA
38,170,S2022_to_F2024,-2.5
38,170,S2022_to_S2025,NA
38,180,F2021_to_S2022,-1
38,180,F2021_to_F2024,-3.5
38,180,F2021_to_S2025,NA
38,180,S2022_to_F2024,-2.5
38,180,S2022_to_S2025,NA
38,190,F2021_to_S2022,-1
38,190,F2021_to_F2024,-4
38,190,F2021_to_S2025,NA
38,190,S2022_to_F2024,-3
38,190,S2022_to_S2025,NA
38,200,F2021_to_S2022,-0.5
38,200,F2021_to_F2024,-4
38,200,F2021_to_S2025,NA
38,200,S2022_to_F2024,-3.5
38,200,S2022_to_S2025,NA
38,210,F2021_to_S2022,-0.5
38,210,F2021_to_F2024,-4.5
38,210,F2021_to_S2025,NA
38,210,S2022_to_F2024,-4
38,210,S2022_to_S2025,NA
38,220,F2021_to_S2022,-0.5
38,220,F2021_to_F2024,-2.5
38,220,F2021_to_S2025,NA
38,220,S2022_to_F2024,-2
38,220,S2022_to_S2025,NA
38,230,F2021_to_S2022,0
38,230,F2021_to_F2024,-2.5
38,230,F2021_to_S2025,NA
38,230,S2022_to_F2024,-2.5
38,230,S2022_to_S2025,NA
39,130,F2021_to_S2022,0
39,130,F2021_to_F2024,0
39,130,F2021_to_S2025,NA
39,130,S2022_to_F2024,0
39,130,S2022_to_S2025,NA
39,140,F2021_to_S2022,0
39,140,F2021_to_F2024,-2
39,140,F2021_to_S2025,NA
39,140,S2022_to_F2024,-2
39,140,S2022_to_S2025,NA
39,150,F2021_to_S2022,0.5
39,150,F2021_to_F2024,-2.5
39,150,F2021_to_S2025,NA
39,150,S2022_to_F2024,-3
39,150,S2022_to_S2025,NA
39,160,F2021_to_S2022,0.5
39,160,F2021_to_F2024,-3.5
39,160,F2021_to_S2025,NA
39,160,S2022_to_F2024,-4
39,160,S2022_to_S2025,NA
39,170,F2021_to_S2022,0.5
39,170,F2021_to_F2024,-4
39,170,F2021_to_S2025,NA
39,170,S2022_to_F2024,-4.5
39,170,S2022_to_S2025,NA
39,180,F2021_to_S2022,0.5
39,180,F2021_to_F2024,-4
39,180,F2021_to_S2025,NA
39,180,S2022_to_F2024,-4.5
39,180,S2022_to_S2025,NA
39,190,F2021_to_S2022,0.5
39,190,F2021_to_F2024,-5
39,190,F2021_to_S2025,NA
39,190,S2022_to_F2024,-5.5
39,190,S2022_to_S2025,NA
39,200,F2021_to_S2022,0
39,200,F2021_to_F2024,-5.5
39,200,F2021_to_S2025,NA
39,200,S2022_to_F2024,-5.5
39,200,S2022_to_S2025,NA
39,210,F2021_to_S2022,1
39,210,F2021_to_F2024,-5.5
39,210,F2021_to_S2025,NA
39,210,S2022_to_F2024,-6.5
39,210,S2022_to_S2025,NA
39,220,F2021_to_S2022,1
39,220,F2021_to_F2024,-5.5
39,220,F2021_to_S2025,NA
39,220,S2022_to_F2024,-6.5
39,220,S2022_to_S2025,NA
40,150,F2021_to_S2022,0
40,150,F2021_to_F2024,NA
40,150,F2021_to_S2025,NA
40,150,S2022_to_F2024,NA
40,150,S2022_to_S2025,NA
40,160,F2021_to_S2022,0
40,160,F2021_to_F2024,NA
40,160,F2021_to_S2025,NA
40,160,S2022_to_F2024,NA
40,160,S2022_to_S2025,NA
40,170,F2021_to_S2022,0
40,170,F2021_to_F2024,NA
40,170,F2021_to_S2025,NA
40,170,S2022_to_F2024,NA
40,170,S2022_to_S2025,NA
40,180,F2021_to_S2022,0
40,180,F2021_to_F2024,NA
40,180,F2021_to_S2025,NA
40,180,S2022_to_F2024,NA
40,180,S2022_to_S2025,NA
40,190,F2021_to_S2022,0
40,190,F2021_to_F2024,NA
40,190,F2021_to_S2025,NA
40,190,S2022_to_F2024,NA
40,190,S2022_to_S2025,NA
40,200,F2021_to_S2022,1
40,200,F2021_to_F2024,NA
40,200,F2021_to_S2025,NA
40,200,S2022_to_F2024,NA
40,200,S2022_to_S2025,NA
40,210,F2021_to_S2022,0.5
40,210,F2021_to_F2024,NA
40,210,F2021_to_S2025,NA
40,210,S2022_to_F2024,NA
40,210,S2022_to_S2025,NA
40,220,F2021_to_S2022,0.5
40,220,F2021_to_F2024,NA
40,220,F2021_to_S2025,NA
40,220,S2022_to_F2024,NA
40,220,S2022_to_S2025,NA
40,230,F2021_to_S2022,0
40,230,F2021_to_F2024,NA
40,230,F2021_to_S2025,NA
40,230,S2022_to_F2024,NA
40,230,S2022_to_S2025,NA
40,240,F2021_to_S2022,0.5
40,240,F2021_to_F2024,NA
40,240,F2021_to_S2025,NA
40,240,S2022_to_F2024,NA
40,240,S2022_to_S2025,NA
40,250,F2021_to_S2022,0
40,250,F2021_to_F2024,NA
40,250,F2021_to_S2025,NA
40,250,S2022_to_F2024,NA
40,250,S2022_to_S2025,NA
41,130,F2021_to_S2022,0
41,130,F2021_to_F2024,NA
41,130,F2021_to_S2025,0
41,130,S2022_to_F2024,NA
41,130,S2022_to_S2025,0
41,140,F2021_to_S2022,-1.5
41,140,F2021_to_F2024,NA
41,140,F2021_to_S2025,-2
41,140,S2022_to_F2024,NA
41,140,S2022_to_S2025,-0.5
41,150,F2021_to_S2022,-1
41,150,F2021_to_F2024,NA
41,150,F2021_to_S2025,-1.5
41,150,S2022_to_F2024,NA
41,150,S2022_to_S2025,-0.5
41,160,F2021_to_S2022,-0.5
41,160,F2021_to_F2024,NA
41,160,F2021_to_S2025,1.5
41,160,S2022_to_F2024,NA
41,160,S2022_to_S2025,2
41,170,F2021_to_S2022,-1.5
41,170,F2021_to_F2024,NA
41,170,F2021_to_S2025,1.5
41,170,S2022_to_F2024,NA
41,170,S2022_to_S2025,3
41,180,F2021_to_S2022,0
41,180,F2021_to_F2024,NA
41,180,F2021_to_S2025,1
41,180,S2022_to_F2024,NA
41,180,S2022_to_S2025,1
41,190,F2021_to_S2022,0
41,190,F2021_to_F2024,NA
41,190,F2021_to_S2025,0
41,190,S2022_to_F2024,NA
41,190,S2022_to_S2025,0
41,200,F2021_to_S2022,-0.5
41,200,F2021_to_F2024,NA
41,200,F2021_to_S2025,0
41,200,S2022_to_F2024,NA
41,200,S2022_to_S2025,0.5
41,210,F2021_to_S2022,-2.5
41,210,F2021_to_F2024,NA
41,210,F2021_to_S2025,0
41,210,S2022_to_F2024,NA
41,210,S2022_to_S2025,2.5
42,120,F2021_to_S2022,0
42,120,F2021_to_F2024,NA
42,120,F2021_to_S2025,0
42,120,S2022_to_F2024,NA
42,120,S2022_to_S2025,0
42,130,F2021_to_S2022,-0.5
42,130,F2021_to_F2024,NA
42,130,F2021_to_S2025,1.5
42,130,S2022_to_F2024,NA
42,130,S2022_to_S2025,2
42,140,F2021_to_S2022,0
42,140,F2021_to_F2024,NA
42,140,F2021_to_S2025,1.5
42,140,S2022_to_F2024,NA
42,140,S2022_to_S2025,1.5
42,150,F2021_to_S2022,0
42,150,F2021_to_F2024,NA
42,150,F2021_to_S2025,0
42,150,S2022_to_F2024,NA
42,150,S2022_to_S2025,0
42,160,F2021_to_S2022,-0.5
42,160,F2021_to_F2024,NA
42,160,F2021_to_S2025,-0.5
42,160,S2022_to_F2024,NA
42,160,S2022_to_S2025,0
42,170,F2021_to_S2022,-1
42,170,F2021_to_F2024,NA
42,170,F2021_to_S2025,-1.5
42,170,S2022_to_F2024,NA
42,170,S2022_to_S2025,-0.5
42,180,F2021_to_S2022,-1.5
42,180,F2021_to_F2024,NA
42,180,F2021_to_S2025,-2
42,180,S2022_to_F2024,NA
42,180,S2022_to_S2025,-0.5
42,190,F2021_to_S2022,-0.5
42,190,F2021_to_F2024,NA
42,190,F2021_to_S2025,-3
42,190,S2022_to_F2024,NA
42,190,S2022_to_S2025,-2.5
42,200,F2021_to_S2022,-1
42,200,F2021_to_F2024,NA
42,200,F2021_to_S2025,-4
42,200,S2022_to_F2024,NA
42,200,S2022_to_S2025,-3
43,170,F2021_to_S2022,0
43,170,F2021_to_F2024,NA
43,170,F2021_to_S2025,0
43,170,S2022_to_F2024,NA
43,170,S2022_to_S2025,0
43,180,F2021_to_S2022,1
43,180,F2021_to_F2024,NA
43,180,F2021_to_S2025,0.5
43,180,S2022_to_F2024,NA
43,180,S2022_to_S2025,-0.5
43,190,F2021_to_S2022,0.5
43,190,F2021_to_F2024,NA
43,190,F2021_to_S2025,-2.5
43,190,S2022_to_F2024,NA
43,190,S2022_to_S2025,-3
43,200,F2021_to_S2022,1
43,200,F2021_to_F2024,NA
43,200,F2021_to_S2025,-2
43,200,S2022_to_F2024,NA
43,200,S2022_to_S2025,-3
43,210,F2021_to_S2022,-0.5
43,210,F2021_to_F2024,NA
43,210,F2021_to_S2025,-2
43,210,S2022_to_F2024,NA
43,210,S2022_to_S2025,-1.5
44,100,F2021_to_S2022,0
44,100,F2021_to_F2024,NA
44,100,F2021_to_S2025,0
44,100,S2022_to_F2024,NA
44,100,S2022_to_S2025,0
44,110,F2021_to_S2022,2
44,110,F2021_to_F2024,NA
44,110,F2021_to_S2025,-0.5
44,110,S2022_to_F2024,NA
44,110,S2022_to_S2025,-2.5
44,120,F2021_to_S2022,3.5
44,120,F2021_to_F2024,NA
44,120,F2021_to_S2025,1.5
44,120,S2022_to_F2024,NA
44,120,S2022_to_S2025,-2
44,130,F2021_to_S2022,2.5
44,130,F2021_to_F2024,NA
44,130,F2021_to_S2025,1.5
44,130,S2022_to_F2024,NA
44,130,S2022_to_S2025,-1
44,140,F2021_to_S2022,1
44,140,F2021_to_F2024,NA
44,140,F2021_to_S2025,3.5
44,140,S2022_to_F2024,NA
44,140,S2022_to_S2025,2.5
44,150,F2021_to_S2022,0.5
44,150,F2021_to_F2024,NA
44,150,F2021_to_S2025,4
44,150,S2022_to_F2024,NA
44,150,S2022_to_S2025,3.5
44,160,F2021_to_S2022,1.5
44,160,F2021_to_F2024,NA
44,160,F2021_to_S2025,4
44,160,S2022_to_F2024,NA
44,160,S2022_to_S2025,2.5
44,170,F2021_to_S2022,2.5
44,170,F2021_to_F2024,NA
44,170,F2021_to_S2025,3
44,170,S2022_to_F2024,NA
44,170,S2022_to_S2025,0.5
44,180,F2021_to_S2022,0.5
44,180,F2021_to_F2024,NA
44,180,F2021_to_S2025,1
44,180,S2022_to_F2024,NA
44,180,S2022_to_S2025,0.5
44,190,F2021_to_S2022,0
44,190,F2021_to_F2024,NA
44,190,F2021_to_S2025,-1
44,190,S2022_to_F2024,NA
44,190,S2022_to_S2025,-1
44,200,F2021_to_S2022,-1.5
44,200,F2021_to_F2024,NA
44,200,F2021_to_S2025,-3
44,200,S2022_to_F2024,NA
44,200,S2022_to_S2025,-1.5
45,120,F2021_to_S2022,0
45,120,F2021_to_F2024,0
45,120,F2021_to_S2025,NA
45,120,S2022_to_F2024,0
45,120,S2022_to_S2025,NA
45,130,F2021_to_S2022,2
45,130,F2021_to_F2024,-1.5
45,130,F2021_to_S2025,NA
45,130,S2022_to_F2024,-3.5
45,130,S2022_to_S2025,NA
45,140,F2021_to_S2022,2.5
45,140,F2021_to_F2024,-0.5
45,140,F2021_to_S2025,NA
45,140,S2022_to_F2024,-3
45,140,S2022_to_S2025,NA
45,150,F2021_to_S2022,2
45,150,F2021_to_F2024,-2
45,150,F2021_to_S2025,NA
45,150,S2022_to_F2024,-4
45,150,S2022_to_S2025,NA
45,160,F2021_to_S2022,2
45,160,F2021_to_F2024,-3
45,160,F2021_to_S2025,NA
45,160,S2022_to_F2024,-5
45,160,S2022_to_S2025,NA
45,170,F2021_to_S2022,2
45,170,F2021_to_F2024,-2.5
45,170,F2021_to_S2025,NA
45,170,S2022_to_F2024,-4.5
45,170,S2022_to_S2025,NA
45,180,F2021_to_S2022,0.5
45,180,F2021_to_F2024,-4
45,180,F2021_to_S2025,NA
45,180,S2022_to_F2024,-4.5
45,180,S2022_to_S2025,NA
45,190,F2021_to_S2022,-1.5
45,190,F2021_to_F2024,-7
45,190,F2021_to_S2025,NA
45,190,S2022_to_F2024,-5.5
45,190,S2022_to_S2025,NA
46,120,F2021_to_S2022,0
46,120,F2021_to_F2024,0
46,120,F2021_to_S2025,NA
46,120,S2022_to_F2024,0
46,120,S2022_to_S2025,NA
46,130,F2021_to_S2022,1.5
46,130,F2021_to_F2024,0
46,130,F2021_to_S2025,NA
46,130,S2022_to_F2024,-1.5
46,130,S2022_to_S2025,NA
46,140,F2021_to_S2022,0
46,140,F2021_to_F2024,0.5
46,140,F2021_to_S2025,NA
46,140,S2022_to_F2024,0.5
46,140,S2022_to_S2025,NA
46,150,F2021_to_S2022,1.5
46,150,F2021_to_F2024,1.5
46,150,F2021_to_S2025,NA
46,150,S2022_to_F2024,0
46,150,S2022_to_S2025,NA
46,160,F2021_to_S2022,2.5
46,160,F2021_to_F2024,2.5
46,160,F2021_to_S2025,NA
46,160,S2022_to_F2024,0
46,160,S2022_to_S2025,NA
46,170,F2021_to_S2022,1
46,170,F2021_to_F2024,1.5
46,170,F2021_to_S2025,NA
46,170,S2022_to_F2024,0.5
46,170,S2022_to_S2025,NA
46,180,F2021_to_S2022,1
46,180,F2021_to_F2024,2
46,180,F2021_to_S2025,NA
46,180,S2022_to_F2024,1
46,180,S2022_to_S2025,NA
46,190,F2021_to_S2022,0.5
46,190,F2021_to_F2024,0.5
46,190,F2021_to_S2025,NA
46,190,S2022_to_F2024,0
46,190,S2022_to_S2025,NA
46,200,F2021_to_S2022,1
46,200,F2021_to_F2024,0.5
46,200,F2021_to_S2025,NA
46,200,S2022_to_F2024,-0.5
46,200,S2022_to_S2025,NA
47,100,F2021_to_S2022,0
47,100,F2021_to_F2024,0
47,100,F2021_to_S2025,NA
47,100,S2022_to_F2024,0
47,100,S2022_to_S2025,NA
47,110,F2021_to_S2022,0
47,110,F2021_to_F2024,1.5
47,110,F2021_to_S2025,NA
47,110,S2022_to_F2024,1.5
47,110,S2022_to_S2025,NA
47,120,F2021_to_S2022,1
47,120,F2021_to_F2024,2
47,120,F2021_to_S2025,NA
47,120,S2022_to_F2024,1
47,120,S2022_to_S2025,NA
47,130,F2021_to_S2022,1
47,130,F2021_to_F2024,2
47,130,F2021_to_S2025,NA
47,130,S2022_to_F2024,1
47,130,S2022_to_S2025,NA
47,140,F2021_to_S2022,1.5
47,140,F2021_to_F2024,2
47,140,F2021_to_S2025,NA
47,140,S2022_to_F2024,0.5
47,140,S2022_to_S2025,NA
47,150,F2021_to_S2022,1.5
47,150,F2021_to_F2024,2
47,150,F2021_to_S2025,NA
47,150,S2022_to_F2024,0.5
47,150,S2022_to_S2025,NA
47,160,F2021_to_S2022,0
47,160,F2021_to_F2024,0.5
47,160,F2021_to_S2025,NA
47,160,S2022_to_F2024,0.5
47,160,S2022_to_S2025,NA
48,120,F2021_to_S2022,0
48,120,F2021_to_F2024,0
48,120,F2021_to_S2025,NA
48,120,S2022_to_F2024,0
48,120,S2022_to_S2025,NA
48,130,F2021_to_S2022,-0.5
48,130,F2021_to_F2024,0
48,130,F2021_to_S2025,NA
48,130,S2022_to_F2024,0.5
48,130,S2022_to_S2025,NA
48,140,F2021_to_S2022,0.5
48,140,F2021_to_F2024,-1
48,140,F2021_to_S2025,NA
48,140,S2022_to_F2024,-1.5
48,140,S2022_to_S2025,NA
48,150,F2021_to_S2022,0.5
48,150,F2021_to_F2024,-0.5
48,150,F2021_to_S2025,NA
48,150,S2022_to_F2024,-1
48,150,S2022_to_S2025,NA
48,160,F2021_to_S2022,0
48,160,F2021_to_F2024,0
48,160,F2021_to_S2025,NA
48,160,S2022_to_F2024,0
48,160,S2022_to_S2025,NA
48,170,F2021_to_S2022,-0.5
48,170,F2021_to_F2024,-1
48,170,F2021_to_S2025,NA
48,170,S2022_to_F2024,-0.5
48,170,S2022_to_S2025,NA
48,180,F2021_to_S2022,-1
48,180,F2021_to_F2024,-1.5
48,180,F2021_to_S2025,NA
48,180,S2022_to_F2024,-0.5
48,180,S2022_to_S2025,NA
49,240,F2021_to_S2022,0
49,240,F2021_to_F2024,0
49,240,F2021_to_S2025,NA
49,240,S2022_to_F2024,0
49,240,S2022_to_S2025,NA
49,250,F2021_to_S2022,1.5
49,250,F2021_to_F2024,6
49,250,F2021_to_S2025,NA
49,250,S2022_to_F2024,4.5
49,250,S2022_to_S2025,NA
49,260,F2021_to_S2022,0
49,260,F2021_to_F2024,9.5
49,260,F2021_to_S2025,NA
49,260,S2022_to_F2024,9.5
49,260,S2022_to_S2025,NA
49,270,F2021_to_S2022,2.5
49,270,F2021_to_F2024,8
49,270,F2021_to_S2025,NA
49,270,S2022_to_F2024,5.5
49,270,S2022_to_S2025,NA
49,280,F2021_to_S2022,3
49,280,F2021_to_F2024,6
49,280,F2021_to_S2025,NA
49,280,S2022_to_F2024,3
49,280,S2022_to_S2025,NA
49,290,F2021_to_S2022,1
49,290,F2021_to_F2024,1.5
49,290,F2021_to_S2025,NA
49,290,S2022_to_F2024,0.5
49,290,S2022_to_S2025,NA
49,300,F2021_to_S2022,2.5
49,300,F2021_to_F2024,1.5
49,300,F2021_to_S2025,NA
49,300,S2022_to_F2024,-1
49,300,S2022_to_S2025,NA
49,310,F2021_to_S2022,1.5
49,310,F2021_to_F2024,1
49,310,F2021_to_S2025,NA
49,310,S2022_to_F2024,-0.5
49,310,S2022_to_S2025,NA
49,320,F2021_to_S2022,-2.5
49,320,F2021_to_F2024,-3.5
49,320,F2021_to_S2025,NA
49,320,S2022_to_F2024,-1
49,320,S2022_to_S2025,NA
49,330,F2021_to_S2022,-3
49,330,F2021_to_F2024,-5.5
49,330,F2021_to_S2025,NA
49,330,S2022_to_F2024,-2.5
49,330,S2022_to_S2025,NA
49,340,F2021_to_S2022,-1.5
49,340,F2021_to_F2024,-4
49,340,F2021_to_S2025,NA
49,340,S2022_to_F2024,-2.5
49,340,S2022_to_S2025,NA
50,120,F2021_to_S2022,0
50,120,F2021_to_F2024,0
50,120,F2021_to_S2025,NA
50,120,S2022_to_F2024,0
50,120,S2022_to_S2025,NA
50,130,F2021_to_S2022,0
50,130,F2021_to_F2024,3
50,130,F2021_to_S2025,NA
50,130,S2022_to_F2024,3
50,130,S2022_to_S2025,NA
50,140,F2021_to_S2022,-0.5
50,140,F2021_to_F2024,2.5
50,140,F2021_to_S2025,NA
50,140,S2022_to_F2024,3
50,140,S2022_to_S2025,NA
50,150,F2021_to_S2022,-0.5
50,150,F2021_to_F2024,6
50,150,F2021_to_S2025,NA
50,150,S2022_to_F2024,6.5
50,150,S2022_to_S2025,NA
50,160,F2021_to_S2022,-0.5
50,160,F2021_to_F2024,7.5
50,160,F2021_to_S2025,NA
50,160,S2022_to_F2024,8
50,160,S2022_to_S2025,NA
50,170,F2021_to_S2022,0.5
50,170,F2021_to_F2024,6
50,170,F2021_to_S2025,NA
50,170,S2022_to_F2024,5.5
50,170,S2022_to_S2025,NA
50,180,F2021_to_S2022,0.5
50,180,F2021_to_F2024,7
50,180,F2021_to_S2025,NA
50,180,S2022_to_F2024,6.5
50,180,S2022_to_S2025,NA
50,190,F2021_to_S2022,-0.5
50,190,F2021_to_F2024,6.5
50,190,F2021_to_S2025,NA
50,190,S2022_to_F2024,7
50,190,S2022_to_S2025,NA
50,200,F2021_to_S2022,0
50,200,F2021_to_F2024,7
50,200,F2021_to_S2025,NA
50,200,S2022_to_F2024,7
50,200,S2022_to_S2025,NA
50,210,F2021_to_S2022,-1
50,210,F2021_to_F2024,6.5
50,210,F2021_to_S2025,NA
50,210,S2022_to_F2024,7.5
50,210,S2022_to_S2025,NA
50,220,F2021_to_S2022,0.5
50,220,F2021_to_F2024,5.5
50,220,F2021_to_S2025,NA
50,220,S2022_to_F2024,5
50,220,S2022_to_S2025,NA
50,230,F2021_to_S2022,1.5
50,230,F2021_to_F2024,5
50,230,F2021_to_S2025,NA
50,230,S2022_to_F2024,3.5
50,230,S2022_to_S2025,NA
50,240,F2021_to_S2022,-0.5
50,240,F2021_to_F2024,4
50,240,F2021_to_S2025,NA
50,240,S2022_to_F2024,4.5
50,240,S2022_to_S2025,NA
50,250,F2021_to_S2022,1
50,250,F2021_to_F2024,6
50,250,F2021_to_S2025,NA
50,250,S2022_to_F2024,5
50,250,S2022_to_S2025,NA
50,260,F2021_to_S2022,-0.5
50,260,F2021_to_F2024,5
50,260,F2021_to_S2025,NA
50,260,S2022_to_F2024,5.5
50,260,S2022_to_S2025,NA
51,140,F2021_to_S2022,0
51,140,F2021_to_F2024,0
51,140,F2021_to_S2025,NA
51,140,S2022_to_F2024,0
51,140,S2022_to_S2025,NA
51,150,F2021_to_S2022,-1
51,150,F2021_to_F2024,0
51,150,F2021_to_S2025,NA
51,150,S2022_to_F2024,1
51,150,S2022_to_S2025,NA
51,160,F2021_to_S2022,-0.5
51,160,F2021_to_F2024,0.5
51,160,F2021_to_S2025,NA
51,160,S2022_to_F2024,1
51,160,S2022_to_S2025,NA
51,170,F2021_to_S2022,-1
51,170,F2021_to_F2024,3.5
51,170,F2021_to_S2025,NA
51,170,S2022_to_F2024,4.5
51,170,S2022_to_S2025,NA
51,180,F2021_to_S2022,-0.5
51,180,F2021_to_F2024,2.5
51,180,F2021_to_S2025,NA
51,180,S2022_to_F2024,3
51,180,S2022_to_S2025,NA
51,190,F2021_to_S2022,-1
51,190,F2021_to_F2024,3
51,190,F2021_to_S2025,NA
51,190,S2022_to_F2024,4
51,190,S2022_to_S2025,NA
51,200,F2021_to_S2022,-0.5
51,200,F2021_to_F2024,3
51,200,F2021_to_S2025,NA
51,200,S2022_to_F2024,3.5
51,200,S2022_to_S2025,NA
51,210,F2021_to_S2022,-1.5
51,210,F2021_to_F2024,2.5
51,210,F2021_to_S2025,NA
51,210,S2022_to_F2024,4
51,210,S2022_to_S2025,NA
51,220,F2021_to_S2022,-1
51,220,F2021_to_F2024,2
51,220,F2021_to_S2025,NA
51,220,S2022_to_F2024,3
51,220,S2022_to_S2025,NA
51,230,F2021_to_S2022,-1
51,230,F2021_to_F2024,2
51,230,F2021_to_S2025,NA
51,230,S2022_to_F2024,3
51,230,S2022_to_S2025,NA
51,240,F2021_to_S2022,-1.5
51,240,F2021_to_F2024,1.5
51,240,F2021_to_S2025,NA
51,240,S2022_to_F2024,3
51,240,S2022_to_S2025,NA
51,250,F2021_to_S2022,-2
51,250,F2021_to_F2024,0.5
51,250,F2021_to_S2025,NA
51,250,S2022_to_F2024,2.5
51,250,S2022_to_S2025,NA
51,260,F2021_to_S2022,-2
51,260,F2021_to_F2024,1
51,260,F2021_to_S2025,NA
51,260,S2022_to_F2024,3
51,260,S2022_to_S2025,NA
52,320,F2021_to_S2022,NA
52,320,F2021_to_F2024,NA
52,320,F2021_to_S2025,0
52,320,S2022_to_F2024,NA
52,320,S2022_to_S2025,NA
52,330,F2021_to_S2022,NA
52,330,F2021_to_F2024,NA
52,330,F2021_to_S2025,-0.5
52,330,S2022_to_F2024,NA
52,330,S2022_to_S2025,NA
52,340,F2021_to_S2022,NA
52,340,F2021_to_F2024,NA
52,340,F2021_to_S2025,3
52,340,S2022_to_F2024,NA
52,340,S2022_to_S2025,NA
52,350,F2021_to_S2022,NA
52,350,F2021_to_F2024,NA
52,350,F2021_to_S2025,4.5
52,350,S2022_to_F2024,NA
52,350,S2022_to_S2025,NA
52,360,F2021_to_S2022,NA
52,360,F2021_to_F2024,NA
52,360,F2021_to_S2025,6.5
52,360,S2022_to_F2024,NA
52,360,S2022_to_S2025,NA
52,370,F2021_to_S2022,NA
52,370,F2021_to_F2024,NA
52,370,F2021_to_S2025,8
52,370,S2022_to_F2024,NA
52,370,S2022_to_S2025,NA
52,380,F2021_to_S2022,NA
52,380,F2021_to_F2024,NA
52,380,F2021_to_S2025,4.5
52,380,S2022_to_F2024,NA
52,380,S2022_to_S2025,NA
52,390,F2021_to_S2022,NA
52,390,F2021_to_F2024,NA
52,390,F2021_to_S2025,3
52,390,S2022_to_F2024,NA
52,390,S2022_to_S2025,NA
52,400,F2021_to_S2022,NA
52,400,F2021_to_F2024,NA
52,400,F2021_to_S2025,-3.5
52,400,S2022_to_F2024,NA
52,400,S2022_to_S2025,NA
53,130,F2021_to_S2022,0
53,130,F2021_to_F2024,0
53,130,F2021_to_S2025,NA
53,130,S2022_to_F2024,0
53,130,S2022_to_S2025,NA
53,140,F2021_to_S2022,0.5
53,140,F2021_to_F2024,2
53,140,F2021_to_S2025,NA
53,140,S2022_to_F2024,1.5
53,140,S2022_to_S2025,NA
53,150,F2021_to_S2022,-1
53,150,F2021_to_F2024,-0.5
53,150,F2021_to_S2025,NA
53,150,S2022_to_F2024,0.5
53,150,S2022_to_S2025,NA
53,160,F2021_to_S2022,0
53,160,F2021_to_F2024,2
53,160,F2021_to_S2025,NA
53,160,S2022_to_F2024,2
53,160,S2022_to_S2025,NA
53,170,F2021_to_S2022,0
53,170,F2021_to_F2024,2.5
53,170,F2021_to_S2025,NA
53,170,S2022_to_F2024,2.5
53,170,S2022_to_S2025,NA
53,180,F2021_to_S2022,0
53,180,F2021_to_F2024,2.5
53,180,F2021_to_S2025,NA
53,180,S2022_to_F2024,2.5
53,180,S2022_to_S2025,NA
53,190,F2021_to_S2022,0.5
53,190,F2021_to_F2024,2.5
53,190,F2021_to_S2025,NA
53,190,S2022_to_F2024,2
53,190,S2022_to_S2025,NA
53,200,F2021_to_S2022,0
53,200,F2021_to_F2024,3.5
53,200,F2021_to_S2025,NA
53,200,S2022_to_F2024,3.5
53,200,S2022_to_S2025,NA
53,210,F2021_to_S2022,-0.5
53,210,F2021_to_F2024,2
53,210,F2021_to_S2025,NA
53,210,S2022_to_F2024,2.5
53,210,S2022_to_S2025,NA
53,220,F2021_to_S2022,0.5
53,220,F2021_to_F2024,2
53,220,F2021_to_S2025,NA
53,220,S2022_to_F2024,1.5
53,220,S2022_to_S2025,NA
53,230,F2021_to_S2022,0
53,230,F2021_to_F2024,1
53,230,F2021_to_S2025,NA
53,230,S2022_to_F2024,1
53,230,S2022_to_S2025,NA
54,100,F2021_to_S2022,0
54,100,F2021_to_F2024,NA
54,100,F2021_to_S2025,0
54,100,S2022_to_F2024,NA
54,100,S2022_to_S2025,0
54,110,F2021_to_S2022,1.5
54,110,F2021_to_F2024,NA
54,110,F2021_to_S2025,-3.5
54,110,S2022_to_F2024,NA
54,110,S2022_to_S2025,-5
54,120,F2021_to_S2022,-1.5
54,120,F2021_to_F2024,NA
54,120,F2021_to_S2025,-8.5
54,120,S2022_to_F2024,NA
54,120,S2022_to_S2025,-7
54,130,F2021_to_S2022,-1
54,130,F2021_to_F2024,NA
54,130,F2021_to_S2025,-15.5
54,130,S2022_to_F2024,NA
54,130,S2022_to_S2025,-14.5
54,140,F2021_to_S2022,-1.5
54,140,F2021_to_F2024,NA
54,140,F2021_to_S2025,-18
54,140,S2022_to_F2024,NA
54,140,S2022_to_S2025,-16.5
54,150,F2021_to_S2022,0.5
54,150,F2021_to_F2024,NA
54,150,F2021_to_S2025,-24
54,150,S2022_to_F2024,NA
54,150,S2022_to_S2025,-24.5
54,160,F2021_to_S2022,1.5
54,160,F2021_to_F2024,NA
54,160,F2021_to_S2025,-27.5
54,160,S2022_to_F2024,NA
54,160,S2022_to_S2025,-29
54,170,F2021_to_S2022,1
54,170,F2021_to_F2024,NA
54,170,F2021_to_S2025,-29.5
54,170,S2022_to_F2024,NA
54,170,S2022_to_S2025,-30.5
54,180,F2021_to_S2022,4.5
54,180,F2021_to_F2024,NA
54,180,F2021_to_S2025,-30.5
54,180,S2022_to_F2024,NA
54,180,S2022_to_S2025,-35
54,190,F2021_to_S2022,2.5
54,190,F2021_to_F2024,NA
54,190,F2021_to_S2025,-35.5
54,190,S2022_to_F2024,NA
54,190,S2022_to_S2025,-38
54,200,F2021_to_S2022,-0.5
54,200,F2021_to_F2024,NA
54,200,F2021_to_S2025,-41.5
54,200,S2022_to_F2024,NA
54,200,S2022_to_S2025,-41
54,210,F2021_to_S2022,1.5
54,210,F2021_to_F2024,NA
54,210,F2021_to_S2025,-45
54,210,S2022_to_F2024,NA
54,210,S2022_to_S2025,-46.5
55,140,F2021_to_S2022,0
55,140,F2021_to_F2024,NA
55,140,F2021_to_S2025,0
55,140,S2022_to_F2024,NA
55,140,S2022_to_S2025,0
55,150,F2021_to_S2022,8.5
55,150,F2021_to_F2024,NA
55,150,F2021_to_S2025,10.5
55,150,S2022_to_F2024,NA
55,150,S2022_to_S2025,2
55,160,F2021_to_S2022,21
55,160,F2021_to_F2024,NA
55,160,F2021_to_S2025,21
55,160,S2022_to_F2024,NA
55,160,S2022_to_S2025,0
55,170,F2021_to_S2022,31.5
55,170,F2021_to_F2024,NA
55,170,F2021_to_S2025,31.5
55,170,S2022_to_F2024,NA
55,170,S2022_to_S2025,0
55,180,F2021_to_S2022,39
55,180,F2021_to_F2024,NA
55,180,F2021_to_S2025,35.5
55,180,S2022_to_F2024,NA
55,180,S2022_to_S2025,-3.5
55,190,F2021_to_S2022,49.5
55,190,F2021_to_F2024,NA
55,190,F2021_to_S2025,44.5
55,190,S2022_to_F2024,NA
55,190,S2022_to_S2025,-5
55,200,F2021_to_S2022,56
55,200,F2021_to_F2024,NA
55,200,F2021_to_S2025,48
55,200,S2022_to_F2024,NA
55,200,S2022_to_S2025,-8
55,210,F2021_to_S2022,67
55,210,F2021_to_F2024,NA
55,210,F2021_to_S2025,59.5
55,210,S2022_to_F2024,NA
55,210,S2022_to_S2025,-7.5
56,150,F2021_to_S2022,0
56,150,F2021_to_F2024,NA
56,150,F2021_to_S2025,NA
56,150,S2022_to_F2024,NA
56,150,S2022_to_S2025,NA
56,160,F2021_to_S2022,0
56,160,F2021_to_F2024,NA
56,160,F2021_to_S2025,NA
56,160,S2022_to_F2024,NA
56,160,S2022_to_S2025,NA
56,170,F2021_to_S2022,0
56,170,F2021_to_F2024,NA
56,170,F2021_to_S2025,NA
56,170,S2022_to_F2024,NA
56,170,S2022_to_S2025,NA
56,180,F2021_to_S2022,0.5
56,180,F2021_to_F2024,NA
56,180,F2021_to_S2025,NA
56,180,S2022_to_F2024,NA
56,180,S2022_to_S2025,NA
56,190,F2021_to_S2022,1
56,190,F2021_to_F2024,NA
56,190,F2021_to_S2025,NA
56,190,S2022_to_F2024,NA
56,190,S2022_to_S2025,NA
56,200,F2021_to_S2022,1.5
56,200,F2021_to_F2024,NA
56,200,F2021_to_S2025,NA
56,200,S2022_to_F2024,NA
56,200,S2022_to_S2025,NA
56,210,F2021_to_S2022,-0.5
56,210,F2021_to_F2024,NA
56,210,F2021_to_S2025,NA
56,210,S2022_to_F2024,NA
56,210,S2022_to_S2025,NA
56,220,F2021_to_S2022,0.5
56,220,F2021_to_F2024,NA
56,220,F2021_to_S2025,NA
56,220,S2022_to_F2024,NA
56,220,S2022_to_S2025,NA
56,230,F2021_to_S2022,0
56,230,F2021_to_F2024,NA
56,230,F2021_to_S2025,NA
56,230,S2022_to_F2024,NA
56,230,S2022_to_S2025,NA
56,240,F2021_to_S2022,0
56,240,F2021_to_F2024,NA
56,240,F2021_to_S2025,NA
56,240,S2022_to_F2024,NA
56,240,S2022_to_S2025,NA
56,250,F2021_to_S2022,-0.5
56,250,F2021_to_F2024,NA
56,250,F2021_to_S2025,NA
56,250,S2022_to_F2024,NA
56,250,S2022_to_S2025,NA
56,260,F2021_to_S2022,0.5
56,260,F2021_to_F2024,NA
56,260,F2021_to_S2025,NA
56,260,S2022_to_F2024,NA
56,260,S2022_to_S2025,NA
56,270,F2021_to_S2022,0
56,270,F2021_to_F2024,NA
56,270,F2021_to_S2025,NA
56,270,S2022_to_F2024,NA
56,270,S2022_to_S2025,NA
57,190,F2021_to_S2022,0
57,190,F2021_to_F2024,NA
57,190,F2021_to_S2025,0
57,190,S2022_to_F2024,NA
57,190,S2022_to_S2025,0
57,200,F2021_to_S2022,1
57,200,F2021_to_F2024,NA
57,200,F2021_to_S2025,-1.5
57,200,S2022_to_F2024,NA
57,200,S2022_to_S2025,-2.5
57,210,F2021_to_S2022,2
57,210,F2021_to_F2024,NA
57,210,F2021_to_S2025,-2
57,210,S2022_to_F2024,NA
57,210,S2022_to_S2025,-4
57,220,F2021_to_S2022,2.5
57,220,F2021_to_F2024,NA
57,220,F2021_to_S2025,-2
57,220,S2022_to_F2024,NA
57,220,S2022_to_S2025,-4.5
57,230,F2021_to_S2022,2
57,230,F2021_to_F2024,NA
57,230,F2021_to_S2025,-0.5
57,230,S2022_to_F2024,NA
57,230,S2022_to_S2025,-2.5
57,240,F2021_to_S2022,2.5
57,240,F2021_to_F2024,NA
57,240,F2021_to_S2025,0
57,240,S2022_to_F2024,NA
57,240,S2022_to_S2025,-2.5
57,250,F2021_to_S2022,0.5
57,250,F2021_to_F2024,NA
57,250,F2021_to_S2025,-1.5
57,250,S2022_to_F2024,NA
57,250,S2022_to_S2025,-2
57,260,F2021_to_S2022,1.5
57,260,F2021_to_F2024,NA
57,260,F2021_to_S2025,-3
57,260,S2022_to_F2024,NA
57,260,S2022_to_S2025,-4.5
57,270,F2021_to_S2022,3.5
57,270,F2021_to_F2024,NA
57,270,F2021_to_S2025,-2
57,270,S2022_to_F2024,NA
57,270,S2022_to_S2025,-5.5
57,280,F2021_to_S2022,3
57,280,F2021_to_F2024,NA
57,280,F2021_to_S2025,-0.5
57,280,S2022_to_F2024,NA
57,280,S2022_to_S2025,-3.5
57,290,F2021_to_S2022,3
57,290,F2021_to_F2024,NA
57,290,F2021_to_S2025,-1
57,290,S2022_to_F2024,NA
57,290,S2022_to_S2025,-4
58,80,F2021_to_S2022,0
58,80,F2021_to_F2024,0
58,80,F2021_to_S2025,NA
58,80,S2022_to_F2024,0
58,80,S2022_to_S2025,NA
58,90,F2021_to_S2022,1
58,90,F2021_to_F2024,3.5
58,90,F2021_to_S2025,NA
58,90,S2022_to_F2024,2.5
58,90,S2022_to_S2025,NA
58,100,F2021_to_S2022,3
58,100,F2021_to_F2024,4.5
58,100,F2021_to_S2025,NA
58,100,S2022_to_F2024,1.5
58,100,S2022_to_S2025,NA
58,110,F2021_to_S2022,1.5
58,110,F2021_to_F2024,2
58,110,F2021_to_S2025,NA
58,110,S2022_to_F2024,0.5
58,110,S2022_to_S2025,NA
58,120,F2021_to_S2022,1
58,120,F2021_to_F2024,1
58,120,F2021_to_S2025,NA
58,120,S2022_to_F2024,0
58,120,S2022_to_S2025,NA
58,130,F2021_to_S2022,3
58,130,F2021_to_F2024,6.5
58,130,F2021_to_S2025,NA
58,130,S2022_to_F2024,3.5
58,130,S2022_to_S2025,NA
58,140,F2021_to_S2022,2.5
58,140,F2021_to_F2024,5.5
58,140,F2021_to_S2025,NA
58,140,S2022_to_F2024,3
58,140,S2022_to_S2025,NA
58,150,F2021_to_S2022,2.5
58,150,F2021_to_F2024,4.5
58,150,F2021_to_S2025,NA
58,150,S2022_to_F2024,2
58,150,S2022_to_S2025,NA
58,160,F2021_to_S2022,2
58,160,F2021_to_F2024,5.5
58,160,F2021_to_S2025,NA
58,160,S2022_to_F2024,3.5
58,160,S2022_to_S2025,NA
59,100,F2021_to_S2022,0
59,100,F2021_to_F2024,0
59,100,F2021_to_S2025,NA
59,100,S2022_to_F2024,0
59,100,S2022_to_S2025,NA
59,110,F2021_to_S2022,-0.5
59,110,F2021_to_F2024,-2.5
59,110,F2021_to_S2025,NA
59,110,S2022_to_F2024,-2
59,110,S2022_to_S2025,NA
59,120,F2021_to_S2022,0
59,120,F2021_to_F2024,-2.5
59,120,F2021_to_S2025,NA
59,120,S2022_to_F2024,-2.5
59,120,S2022_to_S2025,NA
59,130,F2021_to_S2022,0
59,130,F2021_to_F2024,-2
59,130,F2021_to_S2025,NA
59,130,S2022_to_F2024,-2
59,130,S2022_to_S2025,NA
59,140,F2021_to_S2022,-3
59,140,F2021_to_F2024,-4
59,140,F2021_to_S2025,NA
59,140,S2022_to_F2024,-1
59,140,S2022_to_S2025,NA
59,150,F2021_to_S2022,1.5
59,150,F2021_to_F2024,-4
59,150,F2021_to_S2025,NA
59,150,S2022_to_F2024,-5.5
59,150,S2022_to_S2025,NA
59,160,F2021_to_S2022,0
59,160,F2021_to_F2024,-6
59,160,F2021_to_S2025,NA
59,160,S2022_to_F2024,-6
59,160,S2022_to_S2025,NA
60,200,F2021_to_S2022,0
60,200,F2021_to_F2024,0
60,200,F2021_to_S2025,NA
60,200,S2022_to_F2024,0
60,200,S2022_to_S2025,NA
60,210,F2021_to_S2022,-0.5
60,210,F2021_to_F2024,1.5
60,210,F2021_to_S2025,NA
60,210,S2022_to_F2024,2
60,210,S2022_to_S2025,NA
60,220,F2021_to_S2022,0
60,220,F2021_to_F2024,2.5
60,220,F2021_to_S2025,NA
60,220,S2022_to_F2024,2.5
60,220,S2022_to_S2025,NA
60,230,F2021_to_S2022,0.5
60,230,F2021_to_F2024,2
60,230,F2021_to_S2025,NA
60,230,S2022_to_F2024,1.5
60,230,S2022_to_S2025,NA
60,240,F2021_to_S2022,2
60,240,F2021_to_F2024,1.5
60,240,F2021_to_S2025,NA
60,240,S2022_to_F2024,-0.5
60,240,S2022_to_S2025,NA
60,250,F2021_to_S2022,1.5
60,250,F2021_to_F2024,-0.5
60,250,F2021_to_S2025,NA
60,250,S2022_to_F2024,-2
60,250,S2022_to_S2025,NA
60,260,F2021_to_S2022,1.5
60,260,F2021_to_F2024,-0.5
60,260,F2021_to_S2025,NA
60,260,S2022_to_F2024,-2
60,260,S2022_to_S2025,NA
62,190,F2021_to_S2022,0
62,190,F2021_to_F2024,NA
62,190,F2021_to_S2025,0
62,190,S2022_to_F2024,NA
62,190,S2022_to_S2025,0
62,200,F2021_to_S2022,0
62,200,F2021_to_F2024,NA
62,200,F2021_to_S2025,3
62,200,S2022_to_F2024,NA
62,200,S2022_to_S2025,3
62,210,F2021_to_S2022,3.5
62,210,F2021_to_F2024,NA
62,210,F2021_to_S2025,0.5
62,210,S2022_to_F2024,NA
62,210,S2022_to_S2025,-3
62,220,F2021_to_S2022,3
62,220,F2021_to_F2024,NA
62,220,F2021_to_S2025,3.5
62,220,S2022_to_F2024,NA
62,220,S2022_to_S2025,0.5
62,230,F2021_to_S2022,1.5
62,230,F2021_to_F2024,NA
62,230,F2021_to_S2025,0
62,230,S2022_to_F2024,NA
62,230,S2022_to_S2025,-1.5
62,240,F2021_to_S2022,1
62,240,F2021_to_F2024,NA
62,240,F2021_to_S2025,0.5
62,240,S2022_to_F2024,NA
62,240,S2022_to_S2025,-0.5
62,250,F2021_to_S2022,2.5
62,250,F2021_to_F2024,NA
62,250,F2021_to_S2025,1
62,250,S2022_to_F2024,NA
62,250,S2022_to_S2025,-1.5
62,260,F2021_to_S2022,0
62,260,F2021_to_F2024,NA
62,260,F2021_to_S2025,-3
62,260,S2022_to_F2024,NA
62,260,S2022_to_S2025,-3
62,270,F2021_to_S2022,1.5
62,270,F2021_to_F2024,NA
62,270,F2021_to_S2025,2.5
62,270,S2022_to_F2024,NA
62,270,S2022_to_S2025,1
62,280,F2021_to_S2022,0
62,280,F2021_to_F2024,NA
62,280,F2021_to_S2025,1
62,280,S2022_to_F2024,NA
62,280,S2022_to_S2025,1
63,130,F2021_to_S2022,0
63,130,F2021_to_F2024,0
63,130,F2021_to_S2025,NA
63,130,S2022_to_F2024,0
63,130,S2022_to_S2025,NA
63,140,F2021_to_S2022,-0.5
63,140,F2021_to_F2024,-1.5
63,140,F2021_to_S2025,NA
63,140,S2022_to_F2024,-1
63,140,S2022_to_S2025,NA
63,150,F2021_to_S2022,-1
63,150,F2021_to_F2024,0
63,150,F2021_to_S2025,NA
63,150,S2022_to_F2024,1
63,150,S2022_to_S2025,NA
63,160,F2021_to_S2022,-0.5
63,160,F2021_to_F2024,-2
63,160,F2021_to_S2025,NA
63,160,S2022_to_F2024,-1.5
63,160,S2022_to_S2025,NA
63,170,F2021_to_S2022,-0.5
63,170,F2021_to_F2024,0
63,170,F2021_to_S2025,NA
63,170,S2022_to_F2024,0.5
63,170,S2022_to_S2025,NA
63,180,F2021_to_S2022,0.5
63,180,F2021_to_F2024,-1.5
63,180,F2021_to_S2025,NA
63,180,S2022_to_F2024,-2
63,180,S2022_to_S2025,NA
63,190,F2021_to_S2022,-1.5
63,190,F2021_to_F2024,-1.5
63,190,F2021_to_S2025,NA
63,190,S2022_to_F2024,0
63,190,S2022_to_S2025,NA
63,200,F2021_to_S2022,0
63,200,F2021_to_F2024,-2
63,200,F2021_to_S2025,NA
63,200,S2022_to_F2024,-2
63,200,S2022_to_S2025,NA
64,130,F2021_to_S2022,0
64,130,F2021_to_F2024,0
64,130,F2021_to_S2025,NA
64,130,S2022_to_F2024,0
64,130,S2022_to_S2025,NA
64,140,F2021_to_S2022,1.5
64,140,F2021_to_F2024,1
64,140,F2021_to_S2025,NA
64,140,S2022_to_F2024,-0.5
64,140,S2022_to_S2025,NA
64,150,F2021_to_S2022,0.5
64,150,F2021_to_F2024,0
64,150,F2021_to_S2025,NA
64,150,S2022_to_F2024,-0.5
64,150,S2022_to_S2025,NA
64,160,F2021_to_S2022,1.5
64,160,F2021_to_F2024,1
64,160,F2021_to_S2025,NA
64,160,S2022_to_F2024,-0.5
64,160,S2022_to_S2025,NA
64,170,F2021_to_S2022,2
64,170,F2021_to_F2024,1
64,170,F2021_to_S2025,NA
64,170,S2022_to_F2024,-1
64,170,S2022_to_S2025,NA
64,180,F2021_to_S2022,3
64,180,F2021_to_F2024,1
64,180,F2021_to_S2025,NA
64,180,S2022_to_F2024,-2
64,180,S2022_to_S2025,NA
64,190,F2021_to_S2022,3.5
64,190,F2021_to_F2024,1
64,190,F2021_to_S2025,NA
64,190,S2022_to_F2024,-2.5
64,190,S2022_to_S2025,NA
64,200,F2021_to_S2022,2.5
64,200,F2021_to_F2024,-1
64,200,F2021_to_S2025,NA
64,200,S2022_to_F2024,-3.5
64,200,S2022_to_S2025,NA
64,210,F2021_to_S2022,2.5
64,210,F2021_to_F2024,-1
64,210,F2021_to_S2025,NA
64,210,S2022_to_F2024,-3.5
64,210,S2022_to_S2025,NA
